"site","date","tod","drag_id","transect","effort_m","temp_C","rh_pct","ticks_count","favorability","site_band","site_re"
"Site_A",2025-05-15,"AM",1,"T1",100,18.9642014784515,71.6446648566799,1,0.683041528668177,"high",0.465429742022875
"Site_A",2025-05-15,"AM",3,"T1",102,18.9642014784515,71.6446648566799,102,0.683041528668177,"high",0.465429742022875
"Site_A",2025-05-15,"AM",5,"T2",102,18.9642014784515,71.6446648566799,84,0.683041528668177,"high",0.465429742022875
"Site_A",2025-05-15,"AM",2,"T1",108,18.9642014784515,71.6446648566799,2,0.683041528668177,"high",0.465429742022875
"Site_A",2025-05-15,"AM",6,"T2",107,18.9642014784515,71.6446648566799,76,0.683041528668177,"high",0.465429742022875
"Site_A",2025-05-15,"AM",4,"T2",95,18.9642014784515,71.6446648566799,15,0.683041528668177,"high",0.465429742022875
"Site_A",2025-05-15,"PM",3,"T2",106,18.8648030178802,80.8911056951958,0,0.74373171481976,"high",0.465429742022875
"Site_A",2025-05-15,"PM",5,"T2",95,18.8648030178802,80.8911056951958,9,0.74373171481976,"high",0.465429742022875
"Site_A",2025-05-15,"PM",6,"T1",98,18.8648030178802,80.8911056951958,277,0.74373171481976,"high",0.465429742022875
"Site_A",2025-05-15,"PM",4,"T2",107,18.8648030178802,80.8911056951958,0,0.74373171481976,"high",0.465429742022875
"Site_A",2025-05-15,"PM",1,"T2",104,18.8648030178802,80.8911056951958,4,0.74373171481976,"high",0.465429742022875
"Site_A",2025-05-15,"PM",2,"T1",106,18.8648030178802,80.8911056951958,5,0.74373171481976,"high",0.465429742022875
"Site_A",2025-05-16,"AM",3,"T2",96,16.372477877957,93.8710053716924,26,0.289767227513622,"high",0.465429742022875
"Site_A",2025-05-16,"AM",5,"T2",98,16.372477877957,93.8710053716924,177,0.289767227513622,"high",0.465429742022875
"Site_A",2025-05-16,"AM",4,"T2",99,16.372477877957,93.8710053716924,8,0.289767227513622,"high",0.465429742022875
"Site_A",2025-05-16,"AM",1,"T1",102,16.372477877957,93.8710053716924,11,0.289767227513622,"high",0.465429742022875
"Site_A",2025-05-16,"AM",6,"T1",105,16.372477877957,93.8710053716924,0,0.289767227513622,"high",0.465429742022875
"Site_A",2025-05-16,"AM",2,"T1",101,16.372477877957,93.8710053716924,0,0.289767227513622,"high",0.465429742022875
"Site_A",2025-05-16,"PM",2,"T1",94,20.155913913707,81.6103489645616,47,0.899506103218393,"high",0.465429742022875
"Site_A",2025-05-16,"PM",6,"T1",92,20.155913913707,81.6103489645616,117,0.899506103218393,"high",0.465429742022875
"Site_A",2025-05-16,"PM",4,"T1",102,20.155913913707,81.6103489645616,113,0.899506103218393,"high",0.465429742022875
"Site_A",2025-05-16,"PM",3,"T1",100,20.155913913707,81.6103489645616,33,0.899506103218393,"high",0.465429742022875
"Site_A",2025-05-16,"PM",5,"T2",97,20.155913913707,81.6103489645616,216,0.899506103218393,"high",0.465429742022875
"Site_A",2025-05-16,"PM",1,"T1",92,20.155913913707,81.6103489645616,109,0.899506103218393,"high",0.465429742022875
"Site_A",2025-05-17,"AM",6,"T1",92,18.9374139037627,83.8735020107066,59,0.737942747985466,"high",0.465429742022875
"Site_A",2025-05-17,"AM",3,"T2",103,18.9374139037627,83.8735020107066,0,0.737942747985466,"high",0.465429742022875
"Site_A",2025-05-17,"AM",5,"T1",89,18.9374139037627,83.8735020107066,47,0.737942747985466,"high",0.465429742022875
"Site_A",2025-05-17,"AM",2,"T2",103,18.9374139037627,83.8735020107066,7,0.737942747985466,"high",0.465429742022875
"Site_A",2025-05-17,"AM",4,"T1",89,18.9374139037627,83.8735020107066,28,0.737942747985466,"high",0.465429742022875
"Site_A",2025-05-17,"AM",1,"T1",100,18.9374139037627,83.8735020107066,83,0.737942747985466,"high",0.465429742022875
"Site_A",2025-05-17,"PM",2,"T1",104,18.7012027202112,82.378253864604,935,0.715376685634278,"high",0.465429742022875
"Site_A",2025-05-17,"PM",6,"T2",102,18.7012027202112,82.378253864604,0,0.715376685634278,"high",0.465429742022875
"Site_A",2025-05-17,"PM",4,"T2",96,18.7012027202112,82.378253864604,23,0.715376685634278,"high",0.465429742022875
"Site_A",2025-05-17,"PM",3,"T1",101,18.7012027202112,82.378253864604,70,0.715376685634278,"high",0.465429742022875
"Site_A",2025-05-17,"PM",5,"T1",114,18.7012027202112,82.378253864604,0,0.715376685634278,"high",0.465429742022875
"Site_A",2025-05-17,"PM",1,"T2",95,18.7012027202112,82.378253864604,4,0.715376685634278,"high",0.465429742022875
"Site_A",2025-05-18,"AM",6,"T2",108,18.738434367597,84.8498001541161,9,0.701583641957111,"high",0.465429742022875
"Site_A",2025-05-18,"AM",3,"T1",99,18.738434367597,84.8498001541161,0,0.701583641957111,"high",0.465429742022875
"Site_A",2025-05-18,"AM",5,"T2",97,18.738434367597,84.8498001541161,31,0.701583641957111,"high",0.465429742022875
"Site_A",2025-05-18,"AM",2,"T2",102,18.738434367597,84.8498001541161,248,0.701583641957111,"high",0.465429742022875
"Site_A",2025-05-18,"AM",4,"T2",97,18.738434367597,84.8498001541161,0,0.701583641957111,"high",0.465429742022875
"Site_A",2025-05-18,"AM",1,"T1",95,18.738434367597,84.8498001541161,29,0.701583641957111,"high",0.465429742022875
"Site_A",2025-05-18,"PM",3,"T2",99,22.7601199785475,72.4666288906047,40,0.902613358333179,"high",0.465429742022875
"Site_A",2025-05-18,"PM",1,"T1",98,22.7601199785475,72.4666288906047,106,0.902613358333179,"high",0.465429742022875
"Site_A",2025-05-18,"PM",4,"T1",95,22.7601199785475,72.4666288906047,4,0.902613358333179,"high",0.465429742022875
"Site_A",2025-05-18,"PM",5,"T1",104,22.7601199785475,72.4666288906047,170,0.902613358333179,"high",0.465429742022875
"Site_A",2025-05-18,"PM",2,"T1",93,22.7601199785475,72.4666288906047,1,0.902613358333179,"high",0.465429742022875
"Site_A",2025-05-18,"PM",6,"T1",94,22.7601199785475,72.4666288906047,34,0.902613358333179,"high",0.465429742022875
"Site_A",2025-05-19,"AM",1,"T1",97,18.9030364514105,92.1179214031707,49,0.601696853969794,"high",0.465429742022875
"Site_A",2025-05-19,"AM",3,"T2",90,18.9030364514105,92.1179214031707,0,0.601696853969794,"high",0.465429742022875
"Site_A",2025-05-19,"AM",6,"T1",95,18.9030364514105,92.1179214031707,2,0.601696853969794,"high",0.465429742022875
"Site_A",2025-05-19,"AM",5,"T2",91,18.9030364514105,92.1179214031707,7,0.601696853969794,"high",0.465429742022875
"Site_A",2025-05-19,"AM",2,"T1",103,18.9030364514105,92.1179214031707,332,0.601696853969794,"high",0.465429742022875
"Site_A",2025-05-19,"AM",4,"T2",103,18.9030364514105,92.1179214031707,44,0.601696853969794,"high",0.465429742022875
"Site_A",2025-05-19,"PM",2,"T2",99,23.9569453962795,73.4350806154754,325,0.835657609078024,"high",0.465429742022875
"Site_A",2025-05-19,"PM",5,"T1",109,23.9569453962795,73.4350806154754,88,0.835657609078024,"high",0.465429742022875
"Site_A",2025-05-19,"PM",1,"T2",97,23.9569453962795,73.4350806154754,133,0.835657609078024,"high",0.465429742022875
"Site_A",2025-05-19,"PM",6,"T1",96,23.9569453962795,73.4350806154754,1,0.835657609078024,"high",0.465429742022875
"Site_A",2025-05-19,"PM",4,"T1",98,23.9569453962795,73.4350806154754,0,0.835657609078024,"high",0.465429742022875
"Site_A",2025-05-19,"PM",3,"T2",93,23.9569453962795,73.4350806154754,85,0.835657609078024,"high",0.465429742022875
"Site_A",2025-05-20,"AM",4,"T1",104,16.2717881539942,90.4514870983606,0,0.317200027529474,"high",0.465429742022875
"Site_A",2025-05-20,"AM",6,"T2",102,16.2717881539942,90.4514870983606,2,0.317200027529474,"high",0.465429742022875
"Site_A",2025-05-20,"AM",2,"T1",102,16.2717881539942,90.4514870983606,249,0.317200027529474,"high",0.465429742022875
"Site_A",2025-05-20,"AM",5,"T1",109,16.2717881539942,90.4514870983606,1,0.317200027529474,"high",0.465429742022875
"Site_A",2025-05-20,"AM",1,"T2",108,16.2717881539942,90.4514870983606,0,0.317200027529474,"high",0.465429742022875
"Site_A",2025-05-20,"AM",3,"T1",98,16.2717881539942,90.4514870983606,0,0.317200027529474,"high",0.465429742022875
"Site_A",2025-05-20,"PM",2,"T2",106,NA,NA,NA,NA,"high",0.465429742022875
"Site_A",2025-05-20,"PM",6,"T1",103,NA,NA,NA,NA,"high",0.465429742022875
"Site_A",2025-05-20,"PM",4,"T2",103,NA,NA,NA,NA,"high",0.465429742022875
"Site_A",2025-05-20,"PM",3,"T1",97,NA,NA,NA,NA,"high",0.465429742022875
"Site_A",2025-05-20,"PM",1,"T1",101,NA,NA,NA,NA,"high",0.465429742022875
"Site_A",2025-05-20,"PM",5,"T2",100,NA,NA,NA,NA,"high",0.465429742022875
"Site_A",2025-05-21,"AM",2,"T1",97,20.5076452727903,93.6646001411334,133,0.706879105281368,"high",0.465429742022875
"Site_A",2025-05-21,"AM",6,"T1",106,20.5076452727903,93.6646001411334,60,0.706879105281368,"high",0.465429742022875
"Site_A",2025-05-21,"AM",3,"T1",107,20.5076452727903,93.6646001411334,0,0.706879105281368,"high",0.465429742022875
"Site_A",2025-05-21,"AM",4,"T1",109,20.5076452727903,93.6646001411334,7,0.706879105281368,"high",0.465429742022875
"Site_A",2025-05-21,"AM",1,"T1",111,20.5076452727903,93.6646001411334,166,0.706879105281368,"high",0.465429742022875
"Site_A",2025-05-21,"AM",5,"T2",106,20.5076452727903,93.6646001411334,1,0.706879105281368,"high",0.465429742022875
"Site_A",2025-05-21,"PM",3,"T2",94,24.1495182360012,79.936683627844,16,0.870559759197037,"high",0.465429742022875
"Site_A",2025-05-21,"PM",5,"T1",106,24.1495182360012,79.936683627844,20,0.870559759197037,"high",0.465429742022875
"Site_A",2025-05-21,"PM",2,"T1",103,24.1495182360012,79.936683627844,29,0.870559759197037,"high",0.465429742022875
"Site_A",2025-05-21,"PM",1,"T2",101,24.1495182360012,79.936683627844,325,0.870559759197037,"high",0.465429742022875
"Site_A",2025-05-21,"PM",6,"T1",96,24.1495182360012,79.936683627844,11,0.870559759197037,"high",0.465429742022875
"Site_A",2025-05-21,"PM",4,"T2",103,24.1495182360012,79.936683627844,NA,0.870559759197037,"high",0.465429742022875
"Site_A",2025-05-22,"AM",3,"T2",104,17.267068520596,79.0328067291143,216,0.509960296702638,"high",0.465429742022875
"Site_A",2025-05-22,"AM",1,"T2",107,17.267068520596,79.0328067291143,2,0.509960296702638,"high",0.465429742022875
"Site_A",2025-05-22,"AM",6,"T1",100,17.267068520596,79.0328067291143,366,0.509960296702638,"high",0.465429742022875
"Site_A",2025-05-22,"AM",2,"T1",100,17.267068520596,79.0328067291143,150,0.509960296702638,"high",0.465429742022875
"Site_A",2025-05-22,"AM",5,"T1",101,17.267068520596,79.0328067291143,0,0.509960296702638,"high",0.465429742022875
"Site_A",2025-05-22,"AM",4,"T2",93,17.267068520596,79.0328067291143,0,0.509960296702638,"high",0.465429742022875
"Site_A",2025-05-22,"PM",3,"T2",111,NA,NA,NA,NA,"high",0.465429742022875
"Site_A",2025-05-22,"PM",5,"T1",108,NA,NA,NA,NA,"high",0.465429742022875
"Site_A",2025-05-22,"PM",2,"T2",109,NA,NA,NA,NA,"high",0.465429742022875
"Site_A",2025-05-22,"PM",1,"T1",96,NA,NA,NA,NA,"high",0.465429742022875
"Site_A",2025-05-22,"PM",6,"T2",103,NA,NA,NA,NA,"high",0.465429742022875
"Site_A",2025-05-22,"PM",4,"T1",101,NA,NA,NA,NA,"high",0.465429742022875
"Site_A",2025-05-23,"AM",3,"T1",107,20.8220246556234,83.832671032973,14,0.938321321661831,"high",0.465429742022875
"Site_A",2025-05-23,"AM",1,"T1",101,20.8220246556234,83.832671032973,182,0.938321321661831,"high",0.465429742022875
"Site_A",2025-05-23,"AM",6,"T1",95,20.8220246556234,83.832671032973,60,0.938321321661831,"high",0.465429742022875
"Site_A",2025-05-23,"AM",2,"T2",101,20.8220246556234,83.832671032973,82,0.938321321661831,"high",0.465429742022875
"Site_A",2025-05-23,"AM",5,"T1",97,20.8220246556234,83.832671032973,0,0.938321321661831,"high",0.465429742022875
"Site_A",2025-05-23,"AM",4,"T1",100,20.8220246556234,83.832671032973,70,0.938321321661831,"high",0.465429742022875
"Site_A",2025-05-23,"PM",6,"T1",108,22.5504079271555,75.2944073643815,22,0.958579891265457,"high",0.465429742022875
"Site_A",2025-05-23,"PM",4,"T1",93,22.5504079271555,75.2944073643815,0,0.958579891265457,"high",0.465429742022875
"Site_A",2025-05-23,"PM",1,"T2",101,22.5504079271555,75.2944073643815,0,0.958579891265457,"high",0.465429742022875
"Site_A",2025-05-23,"PM",2,"T1",99,22.5504079271555,75.2944073643815,623,0.958579891265457,"high",0.465429742022875
"Site_A",2025-05-23,"PM",3,"T1",92,22.5504079271555,75.2944073643815,340,0.958579891265457,"high",0.465429742022875
"Site_A",2025-05-23,"PM",5,"T2",110,22.5504079271555,75.2944073643815,1,0.958579891265457,"high",0.465429742022875
"Site_A",2025-05-24,"AM",6,"T2",104,18.990992737753,88.5463495195225,0,0.683052280951077,"high",0.465429742022875
"Site_A",2025-05-24,"AM",4,"T2",100,18.990992737753,88.5463495195225,0,0.683052280951077,"high",0.465429742022875
"Site_A",2025-05-24,"AM",2,"T1",96,18.990992737753,88.5463495195225,6,0.683052280951077,"high",0.465429742022875
"Site_A",2025-05-24,"AM",3,"T2",97,18.990992737753,88.5463495195225,0,0.683052280951077,"high",0.465429742022875
"Site_A",2025-05-24,"AM",1,"T2",104,18.990992737753,88.5463495195225,59,0.683052280951077,"high",0.465429742022875
"Site_A",2025-05-24,"AM",5,"T1",107,18.990992737753,88.5463495195225,105,0.683052280951077,"high",0.465429742022875
"Site_A",2025-05-24,"PM",2,"T1",100,22.5799531757483,72.1571563321832,2,0.902708432069351,"high",0.465429742022875
"Site_A",2025-05-24,"PM",4,"T1",97,22.5799531757483,72.1571563321832,37,0.902708432069351,"high",0.465429742022875
"Site_A",2025-05-24,"PM",6,"T1",101,22.5799531757483,72.1571563321832,64,0.902708432069351,"high",0.465429742022875
"Site_A",2025-05-24,"PM",3,"T2",106,22.5799531757483,72.1571563321832,87,0.902708432069351,"high",0.465429742022875
"Site_A",2025-05-24,"PM",5,"T2",106,22.5799531757483,72.1571563321832,25,0.902708432069351,"high",0.465429742022875
"Site_A",2025-05-24,"PM",1,"T2",100,22.5799531757483,72.1571563321832,5,0.902708432069351,"high",0.465429742022875
"Site_A",2025-05-25,"AM",4,"T1",98,21.3510007145265,84.3536893690404,133,0.959763941661764,"high",0.465429742022875
"Site_A",2025-05-25,"AM",1,"T2",107,21.3510007145265,84.3536893690404,0,0.959763941661764,"high",0.465429742022875
"Site_A",2025-05-25,"AM",3,"T1",111,21.3510007145265,84.3536893690404,12,0.959763941661764,"high",0.465429742022875
"Site_A",2025-05-25,"AM",5,"T2",98,21.3510007145265,84.3536893690404,16,0.959763941661764,"high",0.465429742022875
"Site_A",2025-05-25,"AM",2,"T2",103,21.3510007145265,84.3536893690404,61,0.959763941661764,"high",0.465429742022875
"Site_A",2025-05-25,"AM",6,"T2",99,21.3510007145265,84.3536893690404,187,0.959763941661764,"high",0.465429742022875
"Site_A",2025-05-25,"PM",5,"T1",105,23.864512240758,74.6239000387019,65,0.862736596364147,"high",0.465429742022875
"Site_A",2025-05-25,"PM",1,"T2",96,23.864512240758,74.6239000387019,50,0.862736596364147,"high",0.465429742022875
"Site_A",2025-05-25,"PM",3,"T2",111,23.864512240758,74.6239000387019,153,0.862736596364147,"high",0.465429742022875
"Site_A",2025-05-25,"PM",6,"T2",100,23.864512240758,74.6239000387019,NA,0.862736596364147,"high",0.465429742022875
"Site_A",2025-05-25,"PM",4,"T1",98,23.864512240758,74.6239000387019,145,0.862736596364147,"high",0.465429742022875
"Site_A",2025-05-25,"PM",2,"T1",99,23.864512240758,74.6239000387019,29,0.862736596364147,"high",0.465429742022875
"Site_A",2025-05-26,"AM",3,"T1",106,19.8838920831856,84.7102165477253,232,0.845678012792934,"high",0.465429742022875
"Site_A",2025-05-26,"AM",5,"T1",88,19.8838920831856,84.7102165477253,18,0.845678012792934,"high",0.465429742022875
"Site_A",2025-05-26,"AM",6,"T2",107,19.8838920831856,84.7102165477253,24,0.845678012792934,"high",0.465429742022875
"Site_A",2025-05-26,"AM",4,"T1",104,19.8838920831856,84.7102165477253,0,0.845678012792934,"high",0.465429742022875
"Site_A",2025-05-26,"AM",1,"T1",103,19.8838920831856,84.7102165477253,14,0.845678012792934,"high",0.465429742022875
"Site_A",2025-05-26,"AM",2,"T2",100,19.8838920831856,84.7102165477253,53,0.845678012792934,"high",0.465429742022875
"Site_A",2025-05-26,"PM",6,"T2",104,23.8693933185556,84.6411620851228,138,0.871839859209152,"high",0.465429742022875
"Site_A",2025-05-26,"PM",2,"T2",93,23.8693933185556,84.6411620851228,0,0.871839859209152,"high",0.465429742022875
"Site_A",2025-05-26,"PM",3,"T2",100,23.8693933185556,84.6411620851228,112,0.871839859209152,"high",0.465429742022875
"Site_A",2025-05-26,"PM",5,"T1",106,23.8693933185556,84.6411620851228,32,0.871839859209152,"high",0.465429742022875
"Site_A",2025-05-26,"PM",4,"T2",110,23.8693933185556,84.6411620851228,2,0.871839859209152,"high",0.465429742022875
"Site_A",2025-05-26,"PM",1,"T1",100,23.8693933185556,84.6411620851228,149,0.871839859209152,"high",0.465429742022875
"Site_A",2025-05-27,"AM",2,"T1",98,20.4863597992144,84.7829886822154,26,0.902083067286551,"high",0.465429742022875
"Site_A",2025-05-27,"AM",4,"T1",101,20.4863597992144,84.7829886822154,9,0.902083067286551,"high",0.465429742022875
"Site_A",2025-05-27,"AM",3,"T2",103,20.4863597992144,84.7829886822154,51,0.902083067286551,"high",0.465429742022875
"Site_A",2025-05-27,"AM",5,"T1",108,20.4863597992144,84.7829886822154,63,0.902083067286551,"high",0.465429742022875
"Site_A",2025-05-27,"AM",6,"T2",101,20.4863597992144,84.7829886822154,249,0.902083067286551,"high",0.465429742022875
"Site_A",2025-05-27,"AM",1,"T2",103,20.4863597992144,84.7829886822154,18,0.902083067286551,"high",0.465429742022875
"Site_A",2025-05-27,"PM",6,"T2",95,22.602316767819,64.6709455544676,0,0.695340635855872,"high",0.465429742022875
"Site_A",2025-05-27,"PM",5,"T1",101,22.602316767819,64.6709455544676,39,0.695340635855872,"high",0.465429742022875
"Site_A",2025-05-27,"PM",2,"T1",99,22.602316767819,64.6709455544676,78,0.695340635855872,"high",0.465429742022875
"Site_A",2025-05-27,"PM",1,"T1",94,22.602316767819,64.6709455544676,12,0.695340635855872,"high",0.465429742022875
"Site_A",2025-05-27,"PM",4,"T1",102,22.602316767819,64.6709455544676,45,0.695340635855872,"high",0.465429742022875
"Site_A",2025-05-27,"PM",3,"T1",108,22.602316767819,64.6709455544676,0,0.695340635855872,"high",0.465429742022875
"Site_A",2025-05-28,"AM",2,"T1",104,19.3427001745287,89.8934644161408,16,0.698613076870504,"high",0.465429742022875
"Site_A",2025-05-28,"AM",4,"T2",106,19.3427001745287,89.8934644161408,6,0.698613076870504,"high",0.465429742022875
"Site_A",2025-05-28,"AM",3,"T1",107,19.3427001745287,89.8934644161408,2,0.698613076870504,"high",0.465429742022875
"Site_A",2025-05-28,"AM",5,"T1",93,19.3427001745287,89.8934644161408,17,0.698613076870504,"high",0.465429742022875
"Site_A",2025-05-28,"AM",6,"T2",105,19.3427001745287,89.8934644161408,0,0.698613076870504,"high",0.465429742022875
"Site_A",2025-05-28,"AM",1,"T2",109,19.3427001745287,89.8934644161408,87,0.698613076870504,"high",0.465429742022875
"Site_A",2025-05-28,"PM",6,"T2",103,23.5713471091135,83.5393141449698,0,0.911317368117594,"high",0.465429742022875
"Site_A",2025-05-28,"PM",3,"T1",102,23.5713471091135,83.5393141449698,91,0.911317368117594,"high",0.465429742022875
"Site_A",2025-05-28,"PM",1,"T2",99,23.5713471091135,83.5393141449698,45,0.911317368117594,"high",0.465429742022875
"Site_A",2025-05-28,"PM",2,"T2",111,23.5713471091135,83.5393141449698,0,0.911317368117594,"high",0.465429742022875
"Site_A",2025-05-28,"PM",5,"T2",101,23.5713471091135,83.5393141449698,141,0.911317368117594,"high",0.465429742022875
"Site_A",2025-05-28,"PM",4,"T1",99,23.5713471091135,83.5393141449698,18,0.911317368117594,"high",0.465429742022875
"Site_A",2025-05-29,"AM",3,"T1",108,20.1624111234176,83.6091374506845,149,0.886175030895477,"high",0.465429742022875
"Site_A",2025-05-29,"AM",1,"T2",89,20.1624111234176,83.6091374506845,23,0.886175030895477,"high",0.465429742022875
"Site_A",2025-05-29,"AM",5,"T1",106,20.1624111234176,83.6091374506845,28,0.886175030895477,"high",0.465429742022875
"Site_A",2025-05-29,"AM",6,"T1",95,20.1624111234176,83.6091374506845,82,0.886175030895477,"high",0.465429742022875
"Site_A",2025-05-29,"AM",2,"T1",86,20.1624111234176,83.6091374506845,144,0.886175030895477,"high",0.465429742022875
"Site_A",2025-05-29,"AM",4,"T2",105,20.1624111234176,83.6091374506845,NA,0.886175030895477,"high",0.465429742022875
"Site_A",2025-05-29,"PM",6,"T2",99,24.498537884933,76.8124446855623,1,0.816668915699697,"high",0.465429742022875
"Site_A",2025-05-29,"PM",5,"T2",104,24.498537884933,76.8124446855623,77,0.816668915699697,"high",0.465429742022875
"Site_A",2025-05-29,"PM",1,"T2",103,24.498537884933,76.8124446855623,0,0.816668915699697,"high",0.465429742022875
"Site_A",2025-05-29,"PM",3,"T2",100,24.498537884933,76.8124446855623,209,0.816668915699697,"high",0.465429742022875
"Site_A",2025-05-29,"PM",2,"T2",108,24.498537884933,76.8124446855623,44,0.816668915699697,"high",0.465429742022875
"Site_A",2025-05-29,"PM",4,"T2",102,24.498537884933,76.8124446855623,4,0.816668915699697,"high",0.465429742022875
"Site_A",2025-05-30,"AM",5,"T2",105,19.8241905162625,81.1250853737399,0,0.865954308868908,"high",0.465429742022875
"Site_A",2025-05-30,"AM",1,"T1",105,19.8241905162625,81.1250853737399,9,0.865954308868908,"high",0.465429742022875
"Site_A",2025-05-30,"AM",4,"T2",102,19.8241905162625,81.1250853737399,129,0.865954308868908,"high",0.465429742022875
"Site_A",2025-05-30,"AM",6,"T1",103,19.8241905162625,81.1250853737399,0,0.865954308868908,"high",0.465429742022875
"Site_A",2025-05-30,"AM",2,"T2",94,19.8241905162625,81.1250853737399,3,0.865954308868908,"high",0.465429742022875
"Site_A",2025-05-30,"AM",3,"T1",100,19.8241905162625,81.1250853737399,0,0.865954308868908,"high",0.465429742022875
"Site_A",2025-05-30,"PM",2,"T2",99,22.2583141668412,76.7600412183216,55,0.982408778731309,"high",0.465429742022875
"Site_A",2025-05-30,"PM",6,"T2",95,22.2583141668412,76.7600412183216,7,0.982408778731309,"high",0.465429742022875
"Site_A",2025-05-30,"PM",3,"T2",93,22.2583141668412,76.7600412183216,1,0.982408778731309,"high",0.465429742022875
"Site_A",2025-05-30,"PM",4,"T1",108,22.2583141668412,76.7600412183216,0,0.982408778731309,"high",0.465429742022875
"Site_A",2025-05-30,"PM",1,"T2",97,22.2583141668412,76.7600412183216,0,0.982408778731309,"high",0.465429742022875
"Site_A",2025-05-30,"PM",5,"T1",109,22.2583141668412,76.7600412183216,10,0.982408778731309,"high",0.465429742022875
"Site_A",2025-05-31,"AM",6,"T1",99,20.7294951438891,79.711343107659,10,0.95260926763432,"high",0.465429742022875
"Site_A",2025-05-31,"AM",2,"T2",110,20.7294951438891,79.711343107659,159,0.95260926763432,"high",0.465429742022875
"Site_A",2025-05-31,"AM",3,"T1",108,20.7294951438891,79.711343107659,0,0.95260926763432,"high",0.465429742022875
"Site_A",2025-05-31,"AM",1,"T1",106,20.7294951438891,79.711343107659,0,0.95260926763432,"high",0.465429742022875
"Site_A",2025-05-31,"AM",4,"T1",104,20.7294951438891,79.711343107659,0,0.95260926763432,"high",0.465429742022875
"Site_A",2025-05-31,"AM",5,"T2",104,20.7294951438891,79.711343107659,65,0.95260926763432,"high",0.465429742022875
"Site_A",2025-05-31,"PM",3,"T1",100,24.27228636973,80.0836438590615,0,0.856493067854005,"high",0.465429742022875
"Site_A",2025-05-31,"PM",5,"T2",98,24.27228636973,80.0836438590615,0,0.856493067854005,"high",0.465429742022875
"Site_A",2025-05-31,"PM",4,"T1",97,24.27228636973,80.0836438590615,0,0.856493067854005,"high",0.465429742022875
"Site_A",2025-05-31,"PM",6,"T1",87,24.27228636973,80.0836438590615,12,0.856493067854005,"high",0.465429742022875
"Site_A",2025-05-31,"PM",2,"T2",105,24.27228636973,80.0836438590615,62,0.856493067854005,"high",0.465429742022875
"Site_A",2025-05-31,"PM",1,"T1",92,24.27228636973,80.0836438590615,1,0.856493067854005,"high",0.465429742022875
"Site_A",2025-06-01,"AM",1,"T1",101,22.2396009427788,86.6307314030537,40,0.934566814768666,"high",0.465429742022875
"Site_A",2025-06-01,"AM",3,"T1",99,22.2396009427788,86.6307314030537,47,0.934566814768666,"high",0.465429742022875
"Site_A",2025-06-01,"AM",5,"T2",93,22.2396009427788,86.6307314030537,6,0.934566814768666,"high",0.465429742022875
"Site_A",2025-06-01,"AM",4,"T1",97,22.2396009427788,86.6307314030537,433,0.934566814768666,"high",0.465429742022875
"Site_A",2025-06-01,"AM",2,"T1",105,22.2396009427788,86.6307314030537,271,0.934566814768666,"high",0.465429742022875
"Site_A",2025-06-01,"AM",6,"T2",97,22.2396009427788,86.6307314030537,63,0.934566814768666,"high",0.465429742022875
"Site_A",2025-06-01,"PM",3,"T1",104,25.3532959283539,65.4339846256726,0,0.519135156110336,"high",0.465429742022875
"Site_A",2025-06-01,"PM",2,"T1",101,25.3532959283539,65.4339846256726,0,0.519135156110336,"high",0.465429742022875
"Site_A",2025-06-01,"PM",5,"T1",102,25.3532959283539,65.4339846256726,0,0.519135156110336,"high",0.465429742022875
"Site_A",2025-06-01,"PM",6,"T2",98,25.3532959283539,65.4339846256726,0,0.519135156110336,"high",0.465429742022875
"Site_A",2025-06-01,"PM",4,"T2",104,25.3532959283539,65.4339846256726,0,0.519135156110336,"high",0.465429742022875
"Site_A",2025-06-01,"PM",1,"T2",99,25.3532959283539,65.4339846256726,0,0.519135156110336,"high",0.465429742022875
"Site_A",2025-06-02,"AM",1,"T2",101,21.6051735882447,73.4450730582322,33,0.933207933311011,"high",0.465429742022875
"Site_A",2025-06-02,"AM",6,"T1",96,21.6051735882447,73.4450730582322,125,0.933207933311011,"high",0.465429742022875
"Site_A",2025-06-02,"AM",3,"T1",98,21.6051735882447,73.4450730582322,0,0.933207933311011,"high",0.465429742022875
"Site_A",2025-06-02,"AM",5,"T2",99,21.6051735882447,73.4450730582322,0,0.933207933311011,"high",0.465429742022875
"Site_A",2025-06-02,"AM",4,"T2",101,21.6051735882447,73.4450730582322,27,0.933207933311011,"high",0.465429742022875
"Site_A",2025-06-02,"AM",2,"T2",101,21.6051735882447,73.4450730582322,18,0.933207933311011,"high",0.465429742022875
"Site_A",2025-06-02,"PM",4,"T2",105,25.1180217275363,67.0061893070415,99,0.579887906202252,"high",0.465429742022875
"Site_A",2025-06-02,"PM",3,"T2",107,25.1180217275363,67.0061893070415,6,0.579887906202252,"high",0.465429742022875
"Site_A",2025-06-02,"PM",6,"T1",100,25.1180217275363,67.0061893070415,219,0.579887906202252,"high",0.465429742022875
"Site_A",2025-06-02,"PM",5,"T1",97,25.1180217275363,67.0061893070415,0,0.579887906202252,"high",0.465429742022875
"Site_A",2025-06-02,"PM",2,"T2",97,25.1180217275363,67.0061893070415,22,0.579887906202252,"high",0.465429742022875
"Site_A",2025-06-02,"PM",1,"T2",96,25.1180217275363,67.0061893070415,7,0.579887906202252,"high",0.465429742022875
"Site_A",2025-06-03,"AM",6,"T1",97,21.7651485326845,85.8098677020385,111,0.949056922678139,"high",0.465429742022875
"Site_A",2025-06-03,"AM",4,"T2",108,21.7651485326845,85.8098677020385,93,0.949056922678139,"high",0.465429742022875
"Site_A",2025-06-03,"AM",5,"T2",87,21.7651485326845,85.8098677020385,318,0.949056922678139,"high",0.465429742022875
"Site_A",2025-06-03,"AM",2,"T1",96,21.7651485326845,85.8098677020385,38,0.949056922678139,"high",0.465429742022875
"Site_A",2025-06-03,"AM",3,"T1",99,21.7651485326845,85.8098677020385,5,0.949056922678139,"high",0.465429742022875
"Site_A",2025-06-03,"AM",1,"T2",97,21.7651485326845,85.8098677020385,50,0.949056922678139,"high",0.465429742022875
"Site_A",2025-06-03,"PM",6,"T2",101,25.7155002611501,87.6514394910485,84,0.605339963793307,"high",0.465429742022875
"Site_A",2025-06-03,"PM",3,"T2",103,25.7155002611501,87.6514394910485,30,0.605339963793307,"high",0.465429742022875
"Site_A",2025-06-03,"PM",2,"T2",97,25.7155002611501,87.6514394910485,60,0.605339963793307,"high",0.465429742022875
"Site_A",2025-06-03,"PM",4,"T1",95,25.7155002611501,87.6514394910485,21,0.605339963793307,"high",0.465429742022875
"Site_A",2025-06-03,"PM",5,"T2",99,25.7155002611501,87.6514394910485,110,0.605339963793307,"high",0.465429742022875
"Site_A",2025-06-03,"PM",1,"T1",106,25.7155002611501,87.6514394910485,5,0.605339963793307,"high",0.465429742022875
"Site_A",2025-06-04,"AM",2,"T2",108,22.5846172077534,75.9719994770401,26,0.966000911964446,"high",0.465429742022875
"Site_A",2025-06-04,"AM",4,"T2",108,22.5846172077534,75.9719994770401,320,0.966000911964446,"high",0.465429742022875
"Site_A",2025-06-04,"AM",5,"T2",98,22.5846172077534,75.9719994770401,164,0.966000911964446,"high",0.465429742022875
"Site_A",2025-06-04,"AM",1,"T2",101,22.5846172077534,75.9719994770401,0,0.966000911964446,"high",0.465429742022875
"Site_A",2025-06-04,"AM",3,"T2",94,22.5846172077534,75.9719994770401,83,0.966000911964446,"high",0.465429742022875
"Site_A",2025-06-04,"AM",6,"T1",101,22.5846172077534,75.9719994770401,574,0.966000911964446,"high",0.465429742022875
"Site_A",2025-06-04,"PM",5,"T1",87,25.9139493030414,71.9576876636784,16,0.573161268495021,"high",0.465429742022875
"Site_A",2025-06-04,"PM",3,"T2",100,25.9139493030414,71.9576876636784,8,0.573161268495021,"high",0.465429742022875
"Site_A",2025-06-04,"PM",1,"T1",104,25.9139493030414,71.9576876636784,64,0.573161268495021,"high",0.465429742022875
"Site_A",2025-06-04,"PM",4,"T1",103,25.9139493030414,71.9576876636784,44,0.573161268495021,"high",0.465429742022875
"Site_A",2025-06-04,"PM",6,"T2",105,25.9139493030414,71.9576876636784,0,0.573161268495021,"high",0.465429742022875
"Site_A",2025-06-04,"PM",2,"T2",90,25.9139493030414,71.9576876636784,0,0.573161268495021,"high",0.465429742022875
"Site_B",2025-05-15,"AM",6,"T1",105,19.9001218804986,73.6839183363206,0,0.825204557516946,"low",0.445350262500292
"Site_B",2025-05-15,"AM",3,"T1",94,19.9001218804986,73.6839183363206,11,0.825204557516946,"low",0.445350262500292
"Site_B",2025-05-15,"AM",5,"T1",107,19.9001218804986,73.6839183363206,0,0.825204557516946,"low",0.445350262500292
"Site_B",2025-05-15,"AM",2,"T1",107,19.9001218804986,73.6839183363206,9,0.825204557516946,"low",0.445350262500292
"Site_B",2025-05-15,"AM",4,"T1",93,19.9001218804986,73.6839183363206,1,0.825204557516946,"low",0.445350262500292
"Site_B",2025-05-15,"AM",1,"T1",101,19.9001218804986,73.6839183363206,25,0.825204557516946,"low",0.445350262500292
"Site_B",2025-05-15,"PM",5,"T2",99,22.6332973566779,81.7866871408768,4,0.983320329473247,"low",0.445350262500292
"Site_B",2025-05-15,"PM",1,"T1",95,22.6332973566779,81.7866871408768,5,0.983320329473247,"low",0.445350262500292
"Site_B",2025-05-15,"PM",6,"T1",104,22.6332973566779,81.7866871408768,0,0.983320329473247,"low",0.445350262500292
"Site_B",2025-05-15,"PM",3,"T1",107,22.6332973566779,81.7866871408768,6,0.983320329473247,"low",0.445350262500292
"Site_B",2025-05-15,"PM",2,"T1",99,22.6332973566779,81.7866871408768,7,0.983320329473247,"low",0.445350262500292
"Site_B",2025-05-15,"PM",4,"T1",109,22.6332973566779,81.7866871408768,4,0.983320329473247,"low",0.445350262500292
"Site_B",2025-05-16,"AM",6,"T1",100,16.8970225651662,93.7214571700256,0,0.345200821044298,"low",0.445350262500292
"Site_B",2025-05-16,"AM",3,"T1",101,16.8970225651662,93.7214571700256,0,0.345200821044298,"low",0.445350262500292
"Site_B",2025-05-16,"AM",5,"T1",103,16.8970225651662,93.7214571700256,0,0.345200821044298,"low",0.445350262500292
"Site_B",2025-05-16,"AM",2,"T1",100,16.8970225651662,93.7214571700256,6,0.345200821044298,"low",0.445350262500292
"Site_B",2025-05-16,"AM",4,"T2",105,16.8970225651662,93.7214571700256,0,0.345200821044298,"low",0.445350262500292
"Site_B",2025-05-16,"AM",1,"T1",99,16.8970225651662,93.7214571700256,0,0.345200821044298,"low",0.445350262500292
"Site_B",2025-05-16,"PM",6,"T2",105,19.9058892319576,88.4961497892794,1,0.786757005182281,"low",0.445350262500292
"Site_B",2025-05-16,"PM",5,"T2",103,19.9058892319576,88.4961497892794,7,0.786757005182281,"low",0.445350262500292
"Site_B",2025-05-16,"PM",2,"T1",107,19.9058892319576,88.4961497892794,4,0.786757005182281,"low",0.445350262500292
"Site_B",2025-05-16,"PM",4,"T2",103,19.9058892319576,88.4961497892794,7,0.786757005182281,"low",0.445350262500292
"Site_B",2025-05-16,"PM",1,"T2",101,19.9058892319576,88.4961497892794,22,0.786757005182281,"low",0.445350262500292
"Site_B",2025-05-16,"PM",3,"T1",92,19.9058892319576,88.4961497892794,5,0.786757005182281,"low",0.445350262500292
"Site_B",2025-05-17,"AM",4,"T1",108,16.0092104687188,80.4266518141729,2,0.340629526822416,"low",0.445350262500292
"Site_B",2025-05-17,"AM",6,"T1",102,16.0092104687188,80.4266518141729,0,0.340629526822416,"low",0.445350262500292
"Site_B",2025-05-17,"AM",2,"T1",95,16.0092104687188,80.4266518141729,1,0.340629526822416,"low",0.445350262500292
"Site_B",2025-05-17,"AM",3,"T2",100,16.0092104687188,80.4266518141729,2,0.340629526822416,"low",0.445350262500292
"Site_B",2025-05-17,"AM",5,"T2",107,16.0092104687188,80.4266518141729,0,0.340629526822416,"low",0.445350262500292
"Site_B",2025-05-17,"AM",1,"T2",101,16.0092104687188,80.4266518141729,11,0.340629526822416,"low",0.445350262500292
"Site_B",2025-05-17,"PM",6,"T1",94,20.8223477032338,70.9032794883772,21,0.847273752506088,"low",0.445350262500292
"Site_B",2025-05-17,"PM",3,"T1",99,20.8223477032338,70.9032794883772,0,0.847273752506088,"low",0.445350262500292
"Site_B",2025-05-17,"PM",2,"T2",103,20.8223477032338,70.9032794883772,0,0.847273752506088,"low",0.445350262500292
"Site_B",2025-05-17,"PM",4,"T1",103,20.8223477032338,70.9032794883772,2,0.847273752506088,"low",0.445350262500292
"Site_B",2025-05-17,"PM",1,"T2",101,20.8223477032338,70.9032794883772,3,0.847273752506088,"low",0.445350262500292
"Site_B",2025-05-17,"PM",5,"T1",98,20.8223477032338,70.9032794883772,NA,0.847273752506088,"low",0.445350262500292
"Site_B",2025-05-18,"AM",4,"T1",104,18.9245051021147,76.4067833880325,21,0.738505392969389,"low",0.445350262500292
"Site_B",2025-05-18,"AM",1,"T2",98,18.9245051021147,76.4067833880325,23,0.738505392969389,"low",0.445350262500292
"Site_B",2025-05-18,"AM",5,"T1",88,18.9245051021147,76.4067833880325,3,0.738505392969389,"low",0.445350262500292
"Site_B",2025-05-18,"AM",3,"T1",96,18.9245051021147,76.4067833880325,90,0.738505392969389,"low",0.445350262500292
"Site_B",2025-05-18,"AM",6,"T2",102,18.9245051021147,76.4067833880325,14,0.738505392969389,"low",0.445350262500292
"Site_B",2025-05-18,"AM",2,"T2",99,18.9245051021147,76.4067833880325,0,0.738505392969389,"low",0.445350262500292
"Site_B",2025-05-18,"PM",3,"T1",109,19.9158284330487,89.2308332866053,2,0.772498232404558,"low",0.445350262500292
"Site_B",2025-05-18,"PM",1,"T2",95,19.9158284330487,89.2308332866053,10,0.772498232404558,"low",0.445350262500292
"Site_B",2025-05-18,"PM",4,"T1",97,19.9158284330487,89.2308332866053,1,0.772498232404558,"low",0.445350262500292
"Site_B",2025-05-18,"PM",5,"T2",88,19.9158284330487,89.2308332866053,0,0.772498232404558,"low",0.445350262500292
"Site_B",2025-05-18,"PM",2,"T2",93,19.9158284330487,89.2308332866053,7,0.772498232404558,"low",0.445350262500292
"Site_B",2025-05-18,"PM",6,"T2",100,19.9158284330487,89.2308332866053,0,0.772498232404558,"low",0.445350262500292
"Site_B",2025-05-19,"AM",3,"T1",104,18.2936971013271,83.6580409496104,0,0.649097507628148,"low",0.445350262500292
"Site_B",2025-05-19,"AM",5,"T1",101,18.2936971013271,83.6580409496104,9,0.649097507628148,"low",0.445350262500292
"Site_B",2025-05-19,"AM",1,"T2",102,18.2936971013271,83.6580409496104,11,0.649097507628148,"low",0.445350262500292
"Site_B",2025-05-19,"AM",4,"T1",97,18.2936971013271,83.6580409496104,17,0.649097507628148,"low",0.445350262500292
"Site_B",2025-05-19,"AM",6,"T1",105,18.2936971013271,83.6580409496104,12,0.649097507628148,"low",0.445350262500292
"Site_B",2025-05-19,"AM",2,"T2",104,18.2936971013271,83.6580409496104,7,0.649097507628148,"low",0.445350262500292
"Site_B",2025-05-19,"PM",4,"T1",99,22.4581561519475,74.5791986250044,0,0.950872929526067,"low",0.445350262500292
"Site_B",2025-05-19,"PM",6,"T1",97,22.4581561519475,74.5791986250044,0,0.950872929526067,"low",0.445350262500292
"Site_B",2025-05-19,"PM",2,"T1",94,22.4581561519475,74.5791986250044,4,0.950872929526067,"low",0.445350262500292
"Site_B",2025-05-19,"PM",3,"T2",99,22.4581561519475,74.5791986250044,NA,0.950872929526067,"low",0.445350262500292
"Site_B",2025-05-19,"PM",1,"T1",87,22.4581561519475,74.5791986250044,20,0.950872929526067,"low",0.445350262500292
"Site_B",2025-05-19,"PM",5,"T1",101,22.4581561519475,74.5791986250044,35,0.950872929526067,"low",0.445350262500292
"Site_B",2025-05-20,"AM",3,"T2",104,19.364348116901,80.8427195434942,23,0.811017951729697,"low",0.445350262500292
"Site_B",2025-05-20,"AM",2,"T2",97,19.364348116901,80.8427195434942,0,0.811017951729697,"low",0.445350262500292
"Site_B",2025-05-20,"AM",5,"T2",97,19.364348116901,80.8427195434942,7,0.811017951729697,"low",0.445350262500292
"Site_B",2025-05-20,"AM",4,"T1",94,19.364348116901,80.8427195434942,0,0.811017951729697,"low",0.445350262500292
"Site_B",2025-05-20,"AM",6,"T1",105,19.364348116901,80.8427195434942,21,0.811017951729697,"low",0.445350262500292
"Site_B",2025-05-20,"AM",1,"T2",98,19.364348116901,80.8427195434942,2,0.811017951729697,"low",0.445350262500292
"Site_B",2025-05-20,"PM",2,"T1",105,21.67163446234,84.2641275156278,20,0.969951806253278,"low",0.445350262500292
"Site_B",2025-05-20,"PM",6,"T1",97,21.67163446234,84.2641275156278,0,0.969951806253278,"low",0.445350262500292
"Site_B",2025-05-20,"PM",4,"T1",101,21.67163446234,84.2641275156278,1,0.969951806253278,"low",0.445350262500292
"Site_B",2025-05-20,"PM",3,"T1",106,21.67163446234,84.2641275156278,14,0.969951806253278,"low",0.445350262500292
"Site_B",2025-05-20,"PM",1,"T1",108,21.67163446234,84.2641275156278,2,0.969951806253278,"low",0.445350262500292
"Site_B",2025-05-20,"PM",5,"T2",96,21.67163446234,84.2641275156278,8,0.969951806253278,"low",0.445350262500292
"Site_B",2025-05-21,"AM",6,"T1",89,18.1984571171139,79.0756407272601,0,0.647372439913859,"low",0.445350262500292
"Site_B",2025-05-21,"AM",1,"T1",93,18.1984571171139,79.0756407272601,0,0.647372439913859,"low",0.445350262500292
"Site_B",2025-05-21,"AM",3,"T2",102,18.1984571171139,79.0756407272601,0,0.647372439913859,"low",0.445350262500292
"Site_B",2025-05-21,"AM",2,"T1",101,18.1984571171139,79.0756407272601,0,0.647372439913859,"low",0.445350262500292
"Site_B",2025-05-21,"AM",5,"T1",97,18.1984571171139,79.0756407272601,0,0.647372439913859,"low",0.445350262500292
"Site_B",2025-05-21,"AM",4,"T1",96,18.1984571171139,79.0756407272601,0,0.647372439913859,"low",0.445350262500292
"Site_B",2025-05-21,"PM",3,"T1",111,21.7540749505761,71.5312886872176,0,0.896378088853067,"low",0.445350262500292
"Site_B",2025-05-21,"PM",2,"T1",84,21.7540749505761,71.5312886872176,0,0.896378088853067,"low",0.445350262500292
"Site_B",2025-05-21,"PM",5,"T2",106,21.7540749505761,71.5312886872176,33,0.896378088853067,"low",0.445350262500292
"Site_B",2025-05-21,"PM",1,"T2",96,21.7540749505761,71.5312886872176,NA,0.896378088853067,"low",0.445350262500292
"Site_B",2025-05-21,"PM",6,"T2",100,21.7540749505761,71.5312886872176,0,0.896378088853067,"low",0.445350262500292
"Site_B",2025-05-21,"PM",4,"T2",95,21.7540749505761,71.5312886872176,22,0.896378088853067,"low",0.445350262500292
"Site_B",2025-05-22,"AM",5,"T2",102,20.5622036859202,80.1967021784529,14,0.939811660612141,"low",0.445350262500292
"Site_B",2025-05-22,"AM",1,"T2",95,20.5622036859202,80.1967021784529,2,0.939811660612141,"low",0.445350262500292
"Site_B",2025-05-22,"AM",3,"T1",111,20.5622036859202,80.1967021784529,3,0.939811660612141,"low",0.445350262500292
"Site_B",2025-05-22,"AM",6,"T1",99,20.5622036859202,80.1967021784529,NA,0.939811660612141,"low",0.445350262500292
"Site_B",2025-05-22,"AM",2,"T2",101,20.5622036859202,80.1967021784529,0,0.939811660612141,"low",0.445350262500292
"Site_B",2025-05-22,"AM",4,"T2",96,20.5622036859202,80.1967021784529,0,0.939811660612141,"low",0.445350262500292
"Site_B",2025-05-22,"PM",3,"T2",98,21.5246231724753,80.2119077133598,44,0.99317653511796,"low",0.445350262500292
"Site_B",2025-05-22,"PM",2,"T1",93,21.5246231724753,80.2119077133598,3,0.99317653511796,"low",0.445350262500292
"Site_B",2025-05-22,"PM",5,"T2",88,21.5246231724753,80.2119077133598,0,0.99317653511796,"low",0.445350262500292
"Site_B",2025-05-22,"PM",1,"T1",96,21.5246231724753,80.2119077133598,0,0.99317653511796,"low",0.445350262500292
"Site_B",2025-05-22,"PM",6,"T2",104,21.5246231724753,80.2119077133598,19,0.99317653511796,"low",0.445350262500292
"Site_B",2025-05-22,"PM",4,"T2",96,21.5246231724753,80.2119077133598,46,0.99317653511796,"low",0.445350262500292
"Site_B",2025-05-23,"AM",5,"T1",90,NA,NA,NA,NA,"low",0.445350262500292
"Site_B",2025-05-23,"AM",1,"T2",106,NA,NA,NA,NA,"low",0.445350262500292
"Site_B",2025-05-23,"AM",4,"T2",98,NA,NA,NA,NA,"low",0.445350262500292
"Site_B",2025-05-23,"AM",2,"T1",102,NA,NA,NA,NA,"low",0.445350262500292
"Site_B",2025-05-23,"AM",6,"T1",98,NA,NA,NA,NA,"low",0.445350262500292
"Site_B",2025-05-23,"AM",3,"T1",95,NA,NA,NA,NA,"low",0.445350262500292
"Site_B",2025-05-23,"PM",4,"T1",96,22.1310223858323,86.5822842622965,3,0.936594639947672,"low",0.445350262500292
"Site_B",2025-05-23,"PM",6,"T2",111,22.1310223858323,86.5822842622965,5,0.936594639947672,"low",0.445350262500292
"Site_B",2025-05-23,"PM",2,"T1",92,22.1310223858323,86.5822842622965,9,0.936594639947672,"low",0.445350262500292
"Site_B",2025-05-23,"PM",1,"T2",102,22.1310223858323,86.5822842622965,0,0.936594639947672,"low",0.445350262500292
"Site_B",2025-05-23,"PM",5,"T2",105,22.1310223858323,86.5822842622965,4,0.936594639947672,"low",0.445350262500292
"Site_B",2025-05-23,"PM",3,"T2",95,22.1310223858323,86.5822842622965,4,0.936594639947672,"low",0.445350262500292
"Site_B",2025-05-24,"AM",6,"T1",95,20.6013052190205,93.69034654745,44,0.711892191409786,"low",0.445350262500292
"Site_B",2025-05-24,"AM",2,"T2",101,20.6013052190205,93.69034654745,0,0.711892191409786,"low",0.445350262500292
"Site_B",2025-05-24,"AM",4,"T2",102,20.6013052190205,93.69034654745,22,0.711892191409786,"low",0.445350262500292
"Site_B",2025-05-24,"AM",5,"T1",91,20.6013052190205,93.69034654745,0,0.711892191409786,"low",0.445350262500292
"Site_B",2025-05-24,"AM",1,"T1",91,20.6013052190205,93.69034654745,5,0.711892191409786,"low",0.445350262500292
"Site_B",2025-05-24,"AM",3,"T1",98,20.6013052190205,93.69034654745,0,0.711892191409786,"low",0.445350262500292
"Site_B",2025-05-24,"PM",1,"T1",98,21.0022882723307,84.6761679801901,0,0.939260250385881,"low",0.445350262500292
"Site_B",2025-05-24,"PM",3,"T2",94,21.0022882723307,84.6761679801901,7,0.939260250385881,"low",0.445350262500292
"Site_B",2025-05-24,"PM",5,"T1",103,21.0022882723307,84.6761679801901,13,0.939260250385881,"low",0.445350262500292
"Site_B",2025-05-24,"PM",2,"T2",99,21.0022882723307,84.6761679801901,0,0.939260250385881,"low",0.445350262500292
"Site_B",2025-05-24,"PM",6,"T2",99,21.0022882723307,84.6761679801901,9,0.939260250385881,"low",0.445350262500292
"Site_B",2025-05-24,"PM",4,"T1",99,21.0022882723307,84.6761679801901,8,0.939260250385881,"low",0.445350262500292
"Site_B",2025-05-25,"AM",6,"T1",106,22.1404536400815,76.3925786965811,90,0.980088848746441,"low",0.445350262500292
"Site_B",2025-05-25,"AM",3,"T1",98,22.1404536400815,76.3925786965811,61,0.980088848746441,"low",0.445350262500292
"Site_B",2025-05-25,"AM",5,"T2",96,22.1404536400815,76.3925786965811,53,0.980088848746441,"low",0.445350262500292
"Site_B",2025-05-25,"AM",2,"T2",103,22.1404536400815,76.3925786965811,4,0.980088848746441,"low",0.445350262500292
"Site_B",2025-05-25,"AM",4,"T1",100,22.1404536400815,76.3925786965811,0,0.980088848746441,"low",0.445350262500292
"Site_B",2025-05-25,"AM",1,"T1",109,22.1404536400815,76.3925786965811,0,0.980088848746441,"low",0.445350262500292
"Site_B",2025-05-25,"PM",3,"T1",110,23.5690405566087,80.3159582760177,4,0.928665757329463,"low",0.445350262500292
"Site_B",2025-05-25,"PM",5,"T2",91,23.5690405566087,80.3159582760177,0,0.928665757329463,"low",0.445350262500292
"Site_B",2025-05-25,"PM",4,"T1",101,23.5690405566087,80.3159582760177,11,0.928665757329463,"low",0.445350262500292
"Site_B",2025-05-25,"PM",1,"T2",96,23.5690405566087,80.3159582760177,27,0.928665757329463,"low",0.445350262500292
"Site_B",2025-05-25,"PM",6,"T2",103,23.5690405566087,80.3159582760177,11,0.928665757329463,"low",0.445350262500292
"Site_B",2025-05-25,"PM",2,"T1",94,23.5690405566087,80.3159582760177,34,0.928665757329463,"low",0.445350262500292
"Site_B",2025-05-26,"AM",6,"T2",100,19.2702432927572,88.8713118263638,0,0.710634240867234,"low",0.445350262500292
"Site_B",2025-05-26,"AM",3,"T1",103,19.2702432927572,88.8713118263638,7,0.710634240867234,"low",0.445350262500292
"Site_B",2025-05-26,"AM",5,"T2",104,19.2702432927572,88.8713118263638,11,0.710634240867234,"low",0.445350262500292
"Site_B",2025-05-26,"AM",2,"T1",105,19.2702432927572,88.8713118263638,0,0.710634240867234,"low",0.445350262500292
"Site_B",2025-05-26,"AM",4,"T2",98,19.2702432927572,88.8713118263638,0,0.710634240867234,"low",0.445350262500292
"Site_B",2025-05-26,"AM",1,"T2",96,19.2702432927572,88.8713118263638,3,0.710634240867234,"low",0.445350262500292
"Site_B",2025-05-26,"PM",6,"T2",105,25.8220742867006,79.1239698869018,0,0.644423797454138,"low",0.445350262500292
"Site_B",2025-05-26,"PM",3,"T2",103,25.8220742867006,79.1239698869018,6,0.644423797454138,"low",0.445350262500292
"Site_B",2025-05-26,"PM",5,"T2",97,25.8220742867006,79.1239698869018,3,0.644423797454138,"low",0.445350262500292
"Site_B",2025-05-26,"PM",2,"T2",102,25.8220742867006,79.1239698869018,0,0.644423797454138,"low",0.445350262500292
"Site_B",2025-05-26,"PM",4,"T2",105,25.8220742867006,79.1239698869018,0,0.644423797454138,"low",0.445350262500292
"Site_B",2025-05-26,"PM",1,"T1",97,25.8220742867006,79.1239698869018,14,0.644423797454138,"low",0.445350262500292
"Site_B",2025-05-27,"AM",4,"T2",93,21.7679644374489,82.366323851205,0,0.9900355296899,"low",0.445350262500292
"Site_B",2025-05-27,"AM",6,"T2",93,21.7679644374489,82.366323851205,36,0.9900355296899,"low",0.445350262500292
"Site_B",2025-05-27,"AM",2,"T2",94,21.7679644374489,82.366323851205,1,0.9900355296899,"low",0.445350262500292
"Site_B",2025-05-27,"AM",3,"T1",93,21.7679644374489,82.366323851205,0,0.9900355296899,"low",0.445350262500292
"Site_B",2025-05-27,"AM",5,"T1",96,21.7679644374489,82.366323851205,7,0.9900355296899,"low",0.445350262500292
"Site_B",2025-05-27,"AM",1,"T2",100,21.7679644374489,82.366323851205,13,0.9900355296899,"low",0.445350262500292
"Site_B",2025-05-27,"PM",6,"T1",103,23.5481463718213,80.1324470681821,0,0.930596938866387,"low",0.445350262500292
"Site_B",2025-05-27,"PM",3,"T1",97,23.5481463718213,80.1324470681821,13,0.930596938866387,"low",0.445350262500292
"Site_B",2025-05-27,"PM",5,"T1",101,23.5481463718213,80.1324470681821,81,0.930596938866387,"low",0.445350262500292
"Site_B",2025-05-27,"PM",2,"T2",105,23.5481463718213,80.1324470681821,6,0.930596938866387,"low",0.445350262500292
"Site_B",2025-05-27,"PM",4,"T2",105,23.5481463718213,80.1324470681821,72,0.930596938866387,"low",0.445350262500292
"Site_B",2025-05-27,"PM",1,"T2",101,23.5481463718213,80.1324470681821,8,0.930596938866387,"low",0.445350262500292
"Site_B",2025-05-28,"AM",2,"T1",97,22.5370379977783,85.8967488611566,5,0.941002234282655,"low",0.445350262500292
"Site_B",2025-05-28,"AM",6,"T2",92,22.5370379977783,85.8967488611566,0,0.941002234282655,"low",0.445350262500292
"Site_B",2025-05-28,"AM",4,"T1",103,22.5370379977783,85.8967488611566,0,0.941002234282655,"low",0.445350262500292
"Site_B",2025-05-28,"AM",1,"T1",93,22.5370379977783,85.8967488611566,0,0.941002234282655,"low",0.445350262500292
"Site_B",2025-05-28,"AM",5,"T2",98,22.5370379977783,85.8967488611566,33,0.941002234282655,"low",0.445350262500292
"Site_B",2025-05-28,"AM",3,"T1",103,22.5370379977783,85.8967488611566,5,0.941002234282655,"low",0.445350262500292
"Site_B",2025-05-28,"PM",1,"T2",105,24.9505102330599,80.8609934251643,0,0.769297680516496,"low",0.445350262500292
"Site_B",2025-05-28,"PM",3,"T2",107,24.9505102330599,80.8609934251643,11,0.769297680516496,"low",0.445350262500292
"Site_B",2025-05-28,"PM",6,"T2",101,24.9505102330599,80.8609934251643,0,0.769297680516496,"low",0.445350262500292
"Site_B",2025-05-28,"PM",5,"T1",104,24.9505102330599,80.8609934251643,0,0.769297680516496,"low",0.445350262500292
"Site_B",2025-05-28,"PM",2,"T1",105,24.9505102330599,80.8609934251643,30,0.769297680516496,"low",0.445350262500292
"Site_B",2025-05-28,"PM",4,"T1",96,24.9505102330599,80.8609934251643,0,0.769297680516496,"low",0.445350262500292
"Site_B",2025-05-29,"AM",3,"T2",99,21.2955566957107,76.1801852660093,0,0.963894251530039,"low",0.445350262500292
"Site_B",2025-05-29,"AM",5,"T1",100,21.2955566957107,76.1801852660093,70,0.963894251530039,"low",0.445350262500292
"Site_B",2025-05-29,"AM",1,"T2",103,21.2955566957107,76.1801852660093,78,0.963894251530039,"low",0.445350262500292
"Site_B",2025-05-29,"AM",6,"T2",110,21.2955566957107,76.1801852660093,38,0.963894251530039,"low",0.445350262500292
"Site_B",2025-05-29,"AM",2,"T1",99,21.2955566957107,76.1801852660093,41,0.963894251530039,"low",0.445350262500292
"Site_B",2025-05-29,"AM",4,"T1",90,21.2955566957107,76.1801852660093,3,0.963894251530039,"low",0.445350262500292
"Site_B",2025-05-29,"PM",4,"T2",98,22.0248705376301,70.0257546890096,0,0.861356410616732,"low",0.445350262500292
"Site_B",2025-05-29,"PM",6,"T2",101,22.0248705376301,70.0257546890096,14,0.861356410616732,"low",0.445350262500292
"Site_B",2025-05-29,"PM",2,"T2",96,22.0248705376301,70.0257546890096,4,0.861356410616732,"low",0.445350262500292
"Site_B",2025-05-29,"PM",5,"T2",90,22.0248705376301,70.0257546890096,2,0.861356410616732,"low",0.445350262500292
"Site_B",2025-05-29,"PM",1,"T1",98,22.0248705376301,70.0257546890096,22,0.861356410616732,"low",0.445350262500292
"Site_B",2025-05-29,"PM",3,"T2",100,22.0248705376301,70.0257546890096,3,0.861356410616732,"low",0.445350262500292
"Site_B",2025-05-30,"AM",2,"T2",102,23.0454154040283,76.6639262110347,5,0.951723351584371,"low",0.445350262500292
"Site_B",2025-05-30,"AM",3,"T2",100,23.0454154040283,76.6639262110347,19,0.951723351584371,"low",0.445350262500292
"Site_B",2025-05-30,"AM",6,"T1",92,23.0454154040283,76.6639262110347,0,0.951723351584371,"low",0.445350262500292
"Site_B",2025-05-30,"AM",4,"T2",109,23.0454154040283,76.6639262110347,43,0.951723351584371,"low",0.445350262500292
"Site_B",2025-05-30,"AM",5,"T2",93,23.0454154040283,76.6639262110347,0,0.951723351584371,"low",0.445350262500292
"Site_B",2025-05-30,"AM",1,"T2",99,23.0454154040283,76.6639262110347,NA,0.951723351584371,"low",0.445350262500292
"Site_B",2025-05-30,"PM",2,"T1",106,26.0372808818323,80.429668646847,37,0.613076208460183,"low",0.445350262500292
"Site_B",2025-05-30,"PM",6,"T2",100,26.0372808818323,80.429668646847,4,0.613076208460183,"low",0.445350262500292
"Site_B",2025-05-30,"PM",3,"T2",116,26.0372808818323,80.429668646847,68,0.613076208460183,"low",0.445350262500292
"Site_B",2025-05-30,"PM",4,"T2",102,26.0372808818323,80.429668646847,4,0.613076208460183,"low",0.445350262500292
"Site_B",2025-05-30,"PM",1,"T1",100,26.0372808818323,80.429668646847,0,0.613076208460183,"low",0.445350262500292
"Site_B",2025-05-30,"PM",5,"T1",104,26.0372808818323,80.429668646847,0,0.613076208460183,"low",0.445350262500292
"Site_B",2025-05-31,"AM",2,"T2",93,22.4897078611271,78.8798725464352,6,0.990964624613365,"low",0.445350262500292
"Site_B",2025-05-31,"AM",3,"T2",95,22.4897078611271,78.8798725464352,1,0.990964624613365,"low",0.445350262500292
"Site_B",2025-05-31,"AM",6,"T2",101,22.4897078611271,78.8798725464352,0,0.990964624613365,"low",0.445350262500292
"Site_B",2025-05-31,"AM",4,"T1",101,22.4897078611271,78.8798725464352,8,0.990964624613365,"low",0.445350262500292
"Site_B",2025-05-31,"AM",5,"T1",95,22.4897078611271,78.8798725464352,29,0.990964624613365,"low",0.445350262500292
"Site_B",2025-05-31,"AM",1,"T2",106,22.4897078611271,78.8798725464352,4,0.990964624613365,"low",0.445350262500292
"Site_B",2025-05-31,"PM",3,"T2",96,24.1659812098761,80.1953241499192,53,0.868661754052677,"low",0.445350262500292
"Site_B",2025-05-31,"PM",1,"T2",102,24.1659812098761,80.1953241499192,27,0.868661754052677,"low",0.445350262500292
"Site_B",2025-05-31,"PM",6,"T2",98,24.1659812098761,80.1953241499192,9,0.868661754052677,"low",0.445350262500292
"Site_B",2025-05-31,"PM",2,"T2",101,24.1659812098761,80.1953241499192,42,0.868661754052677,"low",0.445350262500292
"Site_B",2025-05-31,"PM",5,"T2",96,24.1659812098761,80.1953241499192,0,0.868661754052677,"low",0.445350262500292
"Site_B",2025-05-31,"PM",4,"T2",95,24.1659812098761,80.1953241499192,15,0.868661754052677,"low",0.445350262500292
"Site_B",2025-06-01,"AM",2,"T1",97,20.1422346256004,80.3779324032091,58,0.901447914094254,"low",0.445350262500292
"Site_B",2025-06-01,"AM",1,"T1",100,20.1422346256004,80.3779324032091,0,0.901447914094254,"low",0.445350262500292
"Site_B",2025-06-01,"AM",5,"T2",96,20.1422346256004,80.3779324032091,3,0.901447914094254,"low",0.445350262500292
"Site_B",2025-06-01,"AM",6,"T2",101,20.1422346256004,80.3779324032091,9,0.901447914094254,"low",0.445350262500292
"Site_B",2025-06-01,"AM",3,"T2",99,20.1422346256004,80.3779324032091,29,0.901447914094254,"low",0.445350262500292
"Site_B",2025-06-01,"AM",4,"T2",95,20.1422346256004,80.3779324032091,4,0.901447914094254,"low",0.445350262500292
"Site_B",2025-06-01,"PM",3,"T1",100,25.3273374286484,88.0101893199515,15,0.651563818907303,"low",0.445350262500292
"Site_B",2025-06-01,"PM",1,"T2",93,25.3273374286484,88.0101893199515,2,0.651563818907303,"low",0.445350262500292
"Site_B",2025-06-01,"PM",6,"T2",96,25.3273374286484,88.0101893199515,0,0.651563818907303,"low",0.445350262500292
"Site_B",2025-06-01,"PM",2,"T2",102,25.3273374286484,88.0101893199515,21,0.651563818907303,"low",0.445350262500292
"Site_B",2025-06-01,"PM",5,"T1",110,25.3273374286484,88.0101893199515,25,0.651563818907303,"low",0.445350262500292
"Site_B",2025-06-01,"PM",4,"T2",99,25.3273374286484,88.0101893199515,31,0.651563818907303,"low",0.445350262500292
"Site_B",2025-06-02,"AM",3,"T2",108,22.3848260424458,74.7410649862533,6,0.955111368847311,"low",0.445350262500292
"Site_B",2025-06-02,"AM",5,"T1",101,22.3848260424458,74.7410649862533,58,0.955111368847311,"low",0.445350262500292
"Site_B",2025-06-02,"AM",1,"T2",102,22.3848260424458,74.7410649862533,NA,0.955111368847311,"low",0.445350262500292
"Site_B",2025-06-02,"AM",4,"T2",97,22.3848260424458,74.7410649862533,30,0.955111368847311,"low",0.445350262500292
"Site_B",2025-06-02,"AM",6,"T1",93,22.3848260424458,74.7410649862533,0,0.955111368847311,"low",0.445350262500292
"Site_B",2025-06-02,"AM",2,"T2",102,22.3848260424458,74.7410649862533,23,0.955111368847311,"low",0.445350262500292
"Site_B",2025-06-02,"PM",6,"T2",103,25.8664733676756,77.5630876077424,0,0.632929459080147,"low",0.445350262500292
"Site_B",2025-06-02,"PM",4,"T2",92,25.8664733676756,77.5630876077424,1,0.632929459080147,"low",0.445350262500292
"Site_B",2025-06-02,"PM",2,"T2",102,25.8664733676756,77.5630876077424,0,0.632929459080147,"low",0.445350262500292
"Site_B",2025-06-02,"PM",3,"T1",94,25.8664733676756,77.5630876077424,1,0.632929459080147,"low",0.445350262500292
"Site_B",2025-06-02,"PM",1,"T1",105,25.8664733676756,77.5630876077424,0,0.632929459080147,"low",0.445350262500292
"Site_B",2025-06-02,"PM",5,"T1",93,25.8664733676756,77.5630876077424,0,0.632929459080147,"low",0.445350262500292
"Site_B",2025-06-03,"AM",6,"T1",101,22.9421634235645,94.0316684688481,35,0.724725919602739,"low",0.445350262500292
"Site_B",2025-06-03,"AM",3,"T2",105,22.9421634235645,94.0316684688481,19,0.724725919602739,"low",0.445350262500292
"Site_B",2025-06-03,"AM",2,"T2",94,22.9421634235645,94.0316684688481,28,0.724725919602739,"low",0.445350262500292
"Site_B",2025-06-03,"AM",4,"T2",103,22.9421634235645,94.0316684688481,0,0.724725919602739,"low",0.445350262500292
"Site_B",2025-06-03,"AM",5,"T1",100,22.9421634235645,94.0316684688481,6,0.724725919602739,"low",0.445350262500292
"Site_B",2025-06-03,"AM",1,"T2",93,22.9421634235645,94.0316684688481,24,0.724725919602739,"low",0.445350262500292
"Site_B",2025-06-03,"PM",4,"T2",115,24.5273198049988,79.9899964281237,0,0.82562012197108,"low",0.445350262500292
"Site_B",2025-06-03,"PM",1,"T1",98,24.5273198049988,79.9899964281237,24,0.82562012197108,"low",0.445350262500292
"Site_B",2025-06-03,"PM",3,"T1",90,24.5273198049988,79.9899964281237,35,0.82562012197108,"low",0.445350262500292
"Site_B",2025-06-03,"PM",5,"T2",114,24.5273198049988,79.9899964281237,0,0.82562012197108,"low",0.445350262500292
"Site_B",2025-06-03,"PM",2,"T1",104,24.5273198049988,79.9899964281237,0,0.82562012197108,"low",0.445350262500292
"Site_B",2025-06-03,"PM",6,"T2",84,24.5273198049988,79.9899964281237,40,0.82562012197108,"low",0.445350262500292
"Site_B",2025-06-04,"AM",3,"T2",92,23.0274151528837,78.4295855587177,0,0.965251336554084,"low",0.445350262500292
"Site_B",2025-06-04,"AM",5,"T2",104,23.0274151528837,78.4295855587177,1,0.965251336554084,"low",0.445350262500292
"Site_B",2025-06-04,"AM",6,"T2",101,23.0274151528837,78.4295855587177,1,0.965251336554084,"low",0.445350262500292
"Site_B",2025-06-04,"AM",1,"T2",97,23.0274151528837,78.4295855587177,0,0.965251336554084,"low",0.445350262500292
"Site_B",2025-06-04,"AM",2,"T1",100,23.0274151528837,78.4295855587177,17,0.965251336554084,"low",0.445350262500292
"Site_B",2025-06-04,"AM",4,"T1",98,23.0274151528837,78.4295855587177,191,0.965251336554084,"low",0.445350262500292
"Site_B",2025-06-04,"PM",3,"T1",99,25.8867662794584,75.7106488540742,0,0.618284628760889,"low",0.445350262500292
"Site_B",2025-06-04,"PM",5,"T2",100,25.8867662794584,75.7106488540742,12,0.618284628760889,"low",0.445350262500292
"Site_B",2025-06-04,"PM",6,"T2",101,25.8867662794584,75.7106488540742,0,0.618284628760889,"low",0.445350262500292
"Site_B",2025-06-04,"PM",4,"T2",95,25.8867662794584,75.7106488540742,13,0.618284628760889,"low",0.445350262500292
"Site_B",2025-06-04,"PM",1,"T2",101,25.8867662794584,75.7106488540742,0,0.618284628760889,"low",0.445350262500292
"Site_B",2025-06-04,"PM",2,"T2",112,25.8867662794584,75.7106488540742,9,0.618284628760889,"low",0.445350262500292
"Site_C",2025-05-15,"AM",5,"T1",99,16.3288570766128,78.1621726401298,5,0.379112503162359,"high",0.145124502059743
"Site_C",2025-05-15,"AM",6,"T2",92,16.3288570766128,78.1621726401298,0,0.379112503162359,"high",0.145124502059743
"Site_C",2025-05-15,"AM",3,"T1",98,16.3288570766128,78.1621726401298,190,0.379112503162359,"high",0.145124502059743
"Site_C",2025-05-15,"AM",1,"T2",103,16.3288570766128,78.1621726401298,46,0.379112503162359,"high",0.145124502059743
"Site_C",2025-05-15,"AM",2,"T2",95,16.3288570766128,78.1621726401298,0,0.379112503162359,"high",0.145124502059743
"Site_C",2025-05-15,"AM",4,"T1",100,16.3288570766128,78.1621726401298,0,0.379112503162359,"high",0.145124502059743
"Site_C",2025-05-15,"PM",3,"T2",108,22.2624725817117,70.3805023491612,69,0.868603214360277,"high",0.145124502059743
"Site_C",2025-05-15,"PM",5,"T1",100,22.2624725817117,70.3805023491612,91,0.868603214360277,"high",0.145124502059743
"Site_C",2025-05-15,"PM",6,"T2",103,22.2624725817117,70.3805023491612,0,0.868603214360277,"high",0.145124502059743
"Site_C",2025-05-15,"PM",1,"T2",99,22.2624725817117,70.3805023491612,243,0.868603214360277,"high",0.145124502059743
"Site_C",2025-05-15,"PM",2,"T1",98,22.2624725817117,70.3805023491612,0,0.868603214360277,"high",0.145124502059743
"Site_C",2025-05-15,"PM",4,"T2",101,22.2624725817117,70.3805023491612,19,0.868603214360277,"high",0.145124502059743
"Site_C",2025-05-16,"AM",1,"T2",106,20.2658798566825,84.3771049116914,71,0.887848861707401,"high",0.145124502059743
"Site_C",2025-05-16,"AM",5,"T2",103,20.2658798566825,84.3771049116914,0,0.887848861707401,"high",0.145124502059743
"Site_C",2025-05-16,"AM",2,"T1",98,20.2658798566825,84.3771049116914,0,0.887848861707401,"high",0.145124502059743
"Site_C",2025-05-16,"AM",4,"T1",95,20.2658798566825,84.3771049116914,79,0.887848861707401,"high",0.145124502059743
"Site_C",2025-05-16,"AM",6,"T1",104,20.2658798566825,84.3771049116914,63,0.887848861707401,"high",0.145124502059743
"Site_C",2025-05-16,"AM",3,"T1",102,20.2658798566825,84.3771049116914,65,0.887848861707401,"high",0.145124502059743
"Site_C",2025-05-16,"PM",6,"T2",98,23.3483670974948,65.6037919319703,115,0.693905826065364,"high",0.145124502059743
"Site_C",2025-05-16,"PM",2,"T2",97,23.3483670974948,65.6037919319703,48,0.693905826065364,"high",0.145124502059743
"Site_C",2025-05-16,"PM",3,"T1",103,23.3483670974948,65.6037919319703,0,0.693905826065364,"high",0.145124502059743
"Site_C",2025-05-16,"PM",5,"T1",111,23.3483670974948,65.6037919319703,8,0.693905826065364,"high",0.145124502059743
"Site_C",2025-05-16,"PM",4,"T2",97,23.3483670974948,65.6037919319703,144,0.693905826065364,"high",0.145124502059743
"Site_C",2025-05-16,"PM",1,"T1",96,23.3483670974948,65.6037919319703,0,0.693905826065364,"high",0.145124502059743
"Site_C",2025-05-17,"AM",2,"T1",104,18.9682362771647,89.7730256629045,33,0.657693814117338,"high",0.145124502059743
"Site_C",2025-05-17,"AM",6,"T1",92,18.9682362771647,89.7730256629045,51,0.657693814117338,"high",0.145124502059743
"Site_C",2025-05-17,"AM",4,"T1",95,18.9682362771647,89.7730256629045,124,0.657693814117338,"high",0.145124502059743
"Site_C",2025-05-17,"AM",5,"T1",105,18.9682362771647,89.7730256629045,19,0.657693814117338,"high",0.145124502059743
"Site_C",2025-05-17,"AM",3,"T1",97,18.9682362771647,89.7730256629045,0,0.657693814117338,"high",0.145124502059743
"Site_C",2025-05-17,"AM",1,"T1",101,18.9682362771647,89.7730256629045,0,0.657693814117338,"high",0.145124502059743
"Site_C",2025-05-17,"PM",5,"T1",98,21.6294319633843,78.7214672500519,296,0.993449956587395,"high",0.145124502059743
"Site_C",2025-05-17,"PM",1,"T2",108,21.6294319633843,78.7214672500519,0,0.993449956587395,"high",0.145124502059743
"Site_C",2025-05-17,"PM",3,"T2",102,21.6294319633843,78.7214672500519,0,0.993449956587395,"high",0.145124502059743
"Site_C",2025-05-17,"PM",6,"T1",101,21.6294319633843,78.7214672500519,9,0.993449956587395,"high",0.145124502059743
"Site_C",2025-05-17,"PM",2,"T2",99,21.6294319633843,78.7214672500519,123,0.993449956587395,"high",0.145124502059743
"Site_C",2025-05-17,"PM",4,"T2",96,21.6294319633843,78.7214672500519,0,0.993449956587395,"high",0.145124502059743
"Site_C",2025-05-18,"AM",3,"T1",102,NA,NA,NA,NA,"high",0.145124502059743
"Site_C",2025-05-18,"AM",2,"T1",101,NA,NA,NA,NA,"high",0.145124502059743
"Site_C",2025-05-18,"AM",5,"T1",93,NA,NA,NA,NA,"high",0.145124502059743
"Site_C",2025-05-18,"AM",1,"T1",97,NA,NA,NA,NA,"high",0.145124502059743
"Site_C",2025-05-18,"AM",6,"T2",102,NA,NA,NA,NA,"high",0.145124502059743
"Site_C",2025-05-18,"AM",4,"T1",98,NA,NA,NA,NA,"high",0.145124502059743
"Site_C",2025-05-18,"PM",3,"T2",95,20.5695508041069,78.9888828689433,NA,0.939019452463382,"high",0.145124502059743
"Site_C",2025-05-18,"PM",4,"T1",106,20.5695508041069,78.9888828689433,7,0.939019452463382,"high",0.145124502059743
"Site_C",2025-05-18,"PM",1,"T1",98,20.5695508041069,78.9888828689433,38,0.939019452463382,"high",0.145124502059743
"Site_C",2025-05-18,"PM",2,"T2",102,20.5695508041069,78.9888828689433,68,0.939019452463382,"high",0.145124502059743
"Site_C",2025-05-18,"PM",6,"T2",97,20.5695508041069,78.9888828689433,49,0.939019452463382,"high",0.145124502059743
"Site_C",2025-05-18,"PM",5,"T1",100,20.5695508041069,78.9888828689433,32,0.939019452463382,"high",0.145124502059743
"Site_C",2025-05-19,"AM",3,"T2",91,18.7408017337344,88.8106930858103,72,0.647191097239178,"high",0.145124502059743
"Site_C",2025-05-19,"AM",2,"T2",100,18.7408017337344,88.8106930858103,289,0.647191097239178,"high",0.145124502059743
"Site_C",2025-05-19,"AM",5,"T1",104,18.7408017337344,88.8106930858103,0,0.647191097239178,"high",0.145124502059743
"Site_C",2025-05-19,"AM",1,"T1",100,18.7408017337344,88.8106930858103,0,0.647191097239178,"high",0.145124502059743
"Site_C",2025-05-19,"AM",6,"T1",111,18.7408017337344,88.8106930858103,239,0.647191097239178,"high",0.145124502059743
"Site_C",2025-05-19,"AM",4,"T2",104,18.7408017337344,88.8106930858103,14,0.647191097239178,"high",0.145124502059743
"Site_C",2025-05-19,"PM",6,"T1",100,21.3108720892528,80.7666665642258,408,0.984985277372032,"high",0.145124502059743
"Site_C",2025-05-19,"PM",2,"T2",95,21.3108720892528,80.7666665642258,0,0.984985277372032,"high",0.145124502059743
"Site_C",2025-05-19,"PM",3,"T2",98,21.3108720892528,80.7666665642258,57,0.984985277372032,"high",0.145124502059743
"Site_C",2025-05-19,"PM",1,"T2",101,21.3108720892528,80.7666665642258,92,0.984985277372032,"high",0.145124502059743
"Site_C",2025-05-19,"PM",4,"T1",102,21.3108720892528,80.7666665642258,27,0.984985277372032,"high",0.145124502059743
"Site_C",2025-05-19,"PM",5,"T2",96,21.3108720892528,80.7666665642258,0,0.984985277372032,"high",0.145124502059743
"Site_C",2025-05-20,"AM",2,"T1",96,21.18459462732,77.2960127285603,132,0.969559050067707,"high",0.145124502059743
"Site_C",2025-05-20,"AM",6,"T2",108,21.18459462732,77.2960127285603,1,0.969559050067707,"high",0.145124502059743
"Site_C",2025-05-20,"AM",3,"T2",95,21.18459462732,77.2960127285603,0,0.969559050067707,"high",0.145124502059743
"Site_C",2025-05-20,"AM",4,"T1",96,21.18459462732,77.2960127285603,363,0.969559050067707,"high",0.145124502059743
"Site_C",2025-05-20,"AM",1,"T1",105,21.18459462732,77.2960127285603,9,0.969559050067707,"high",0.145124502059743
"Site_C",2025-05-20,"AM",5,"T2",99,21.18459462732,77.2960127285603,207,0.969559050067707,"high",0.145124502059743
"Site_C",2025-05-20,"PM",6,"T1",105,23.2945172654274,77.8054167890637,57,0.944124211305918,"high",0.145124502059743
"Site_C",2025-05-20,"PM",2,"T1",96,23.2945172654274,77.8054167890637,85,0.944124211305918,"high",0.145124502059743
"Site_C",2025-05-20,"PM",3,"T2",98,23.2945172654274,77.8054167890637,22,0.944124211305918,"high",0.145124502059743
"Site_C",2025-05-20,"PM",1,"T1",100,23.2945172654274,77.8054167890637,45,0.944124211305918,"high",0.145124502059743
"Site_C",2025-05-20,"PM",4,"T1",100,23.2945172654274,77.8054167890637,20,0.944124211305918,"high",0.145124502059743
"Site_C",2025-05-20,"PM",5,"T1",97,23.2945172654274,77.8054167890637,44,0.944124211305918,"high",0.145124502059743
"Site_C",2025-05-21,"AM",4,"T2",107,18.1168445788271,98.7740278006017,0,0.374912332427398,"high",0.145124502059743
"Site_C",2025-05-21,"AM",6,"T1",106,18.1168445788271,98.7740278006017,0,0.374912332427398,"high",0.145124502059743
"Site_C",2025-05-21,"AM",2,"T2",101,18.1168445788271,98.7740278006017,0,0.374912332427398,"high",0.145124502059743
"Site_C",2025-05-21,"AM",5,"T1",100,18.1168445788271,98.7740278006017,78,0.374912332427398,"high",0.145124502059743
"Site_C",2025-05-21,"AM",1,"T1",106,18.1168445788271,98.7740278006017,74,0.374912332427398,"high",0.145124502059743
"Site_C",2025-05-21,"AM",3,"T1",97,18.1168445788271,98.7740278006017,3,0.374912332427398,"high",0.145124502059743
"Site_C",2025-05-21,"PM",3,"T2",101,22.8369785336597,74.6644584206589,0,0.938269556219371,"high",0.145124502059743
"Site_C",2025-05-21,"PM",5,"T2",108,22.8369785336597,74.6644584206589,48,0.938269556219371,"high",0.145124502059743
"Site_C",2025-05-21,"PM",1,"T1",94,22.8369785336597,74.6644584206589,18,0.938269556219371,"high",0.145124502059743
"Site_C",2025-05-21,"PM",6,"T2",107,22.8369785336597,74.6644584206589,127,0.938269556219371,"high",0.145124502059743
"Site_C",2025-05-21,"PM",2,"T1",93,22.8369785336597,74.6644584206589,220,0.938269556219371,"high",0.145124502059743
"Site_C",2025-05-21,"PM",4,"T1",102,22.8369785336597,74.6644584206589,117,0.938269556219371,"high",0.145124502059743
"Site_C",2025-05-22,"AM",3,"T1",101,18.1564766242136,84.0143170377757,28,0.626659298175378,"high",0.145124502059743
"Site_C",2025-05-22,"AM",5,"T1",99,18.1564766242136,84.0143170377757,300,0.626659298175378,"high",0.145124502059743
"Site_C",2025-05-22,"AM",2,"T1",99,18.1564766242136,84.0143170377757,6,0.626659298175378,"high",0.145124502059743
"Site_C",2025-05-22,"AM",1,"T1",99,18.1564766242136,84.0143170377757,0,0.626659298175378,"high",0.145124502059743
"Site_C",2025-05-22,"AM",4,"T2",99,18.1564766242136,84.0143170377757,131,0.626659298175378,"high",0.145124502059743
"Site_C",2025-05-22,"AM",6,"T2",103,18.1564766242136,84.0143170377757,63,0.626659298175378,"high",0.145124502059743
"Site_C",2025-05-22,"PM",4,"T2",100,23.8378597327138,76.5258750382774,0,0.887420651590275,"high",0.145124502059743
"Site_C",2025-05-22,"PM",2,"T1",103,23.8378597327138,76.5258750382774,22,0.887420651590275,"high",0.145124502059743
"Site_C",2025-05-22,"PM",6,"T1",103,23.8378597327138,76.5258750382774,60,0.887420651590275,"high",0.145124502059743
"Site_C",2025-05-22,"PM",3,"T2",101,23.8378597327138,76.5258750382774,97,0.887420651590275,"high",0.145124502059743
"Site_C",2025-05-22,"PM",1,"T2",107,23.8378597327138,76.5258750382774,225,0.887420651590275,"high",0.145124502059743
"Site_C",2025-05-22,"PM",5,"T1",116,23.8378597327138,76.5258750382774,4,0.887420651590275,"high",0.145124502059743
"Site_C",2025-05-23,"AM",6,"T2",99,19.0146319605284,83.0440927368379,1,0.754822678056903,"high",0.145124502059743
"Site_C",2025-05-23,"AM",3,"T2",92,19.0146319605284,83.0440927368379,0,0.754822678056903,"high",0.145124502059743
"Site_C",2025-05-23,"AM",5,"T1",92,19.0146319605284,83.0440927368379,208,0.754822678056903,"high",0.145124502059743
"Site_C",2025-05-23,"AM",2,"T1",108,19.0146319605284,83.0440927368379,41,0.754822678056903,"high",0.145124502059743
"Site_C",2025-05-23,"AM",4,"T2",105,19.0146319605284,83.0440927368379,47,0.754822678056903,"high",0.145124502059743
"Site_C",2025-05-23,"AM",1,"T2",95,19.0146319605284,83.0440927368379,194,0.754822678056903,"high",0.145124502059743
"Site_C",2025-05-23,"PM",6,"T1",104,23.3131620254731,80.031547408562,13,0.949582060016563,"high",0.145124502059743
"Site_C",2025-05-23,"PM",2,"T2",97,23.3131620254731,80.031547408562,173,0.949582060016563,"high",0.145124502059743
"Site_C",2025-05-23,"PM",4,"T1",93,23.3131620254731,80.031547408562,0,0.949582060016563,"high",0.145124502059743
"Site_C",2025-05-23,"PM",5,"T1",103,23.3131620254731,80.031547408562,122,0.949582060016563,"high",0.145124502059743
"Site_C",2025-05-23,"PM",1,"T2",108,23.3131620254731,80.031547408562,77,0.949582060016563,"high",0.145124502059743
"Site_C",2025-05-23,"PM",3,"T1",108,23.3131620254731,80.031547408562,105,0.949582060016563,"high",0.145124502059743
"Site_C",2025-05-24,"AM",6,"T1",108,20.1918281330284,78.4396075653434,24,0.903267258665564,"high",0.145124502059743
"Site_C",2025-05-24,"AM",3,"T1",88,20.1918281330284,78.4396075653434,0,0.903267258665564,"high",0.145124502059743
"Site_C",2025-05-24,"AM",5,"T1",104,20.1918281330284,78.4396075653434,0,0.903267258665564,"high",0.145124502059743
"Site_C",2025-05-24,"AM",2,"T1",96,20.1918281330284,78.4396075653434,15,0.903267258665564,"high",0.145124502059743
"Site_C",2025-05-24,"AM",4,"T1",107,20.1918281330284,78.4396075653434,89,0.903267258665564,"high",0.145124502059743
"Site_C",2025-05-24,"AM",1,"T2",101,20.1918281330284,78.4396075653434,0,0.903267258665564,"high",0.145124502059743
"Site_C",2025-05-24,"PM",6,"T1",102,23.1213373567983,73.6104302038617,0,0.905777283326207,"high",0.145124502059743
"Site_C",2025-05-24,"PM",3,"T1",103,23.1213373567983,73.6104302038617,29,0.905777283326207,"high",0.145124502059743
"Site_C",2025-05-24,"PM",5,"T2",105,23.1213373567983,73.6104302038617,121,0.905777283326207,"high",0.145124502059743
"Site_C",2025-05-24,"PM",2,"T1",99,23.1213373567983,73.6104302038617,0,0.905777283326207,"high",0.145124502059743
"Site_C",2025-05-24,"PM",4,"T1",97,23.1213373567983,73.6104302038617,12,0.905777283326207,"high",0.145124502059743
"Site_C",2025-05-24,"PM",1,"T2",93,23.1213373567983,73.6104302038617,0,0.905777283326207,"high",0.145124502059743
"Site_C",2025-05-25,"AM",5,"T2",95,19.7353493454878,91.265941256338,118,0.708757794693788,"high",0.145124502059743
"Site_C",2025-05-25,"AM",1,"T1",101,19.7353493454878,91.265941256338,65,0.708757794693788,"high",0.145124502059743
"Site_C",2025-05-25,"AM",6,"T2",105,19.7353493454878,91.265941256338,8,0.708757794693788,"high",0.145124502059743
"Site_C",2025-05-25,"AM",3,"T1",100,19.7353493454878,91.265941256338,25,0.708757794693788,"high",0.145124502059743
"Site_C",2025-05-25,"AM",2,"T1",96,19.7353493454878,91.265941256338,7,0.708757794693788,"high",0.145124502059743
"Site_C",2025-05-25,"AM",4,"T2",103,19.7353493454878,91.265941256338,116,0.708757794693788,"high",0.145124502059743
"Site_C",2025-05-25,"PM",6,"T1",89,22.127025698457,73.1169086596848,116,0.930950207973637,"high",0.145124502059743
"Site_C",2025-05-25,"PM",3,"T2",104,22.127025698457,73.1169086596848,23,0.930950207973637,"high",0.145124502059743
"Site_C",2025-05-25,"PM",5,"T1",101,22.127025698457,73.1169086596848,35,0.930950207973637,"high",0.145124502059743
"Site_C",2025-05-25,"PM",2,"T2",103,22.127025698457,73.1169086596848,0,0.930950207973637,"high",0.145124502059743
"Site_C",2025-05-25,"PM",4,"T2",97,22.127025698457,73.1169086596848,21,0.930950207973637,"high",0.145124502059743
"Site_C",2025-05-25,"PM",1,"T1",99,22.127025698457,73.1169086596848,26,0.930950207973637,"high",0.145124502059743
"Site_C",2025-05-26,"AM",3,"T1",102,21.2042093502679,88.6350521647914,207,0.87735404182561,"high",0.145124502059743
"Site_C",2025-05-26,"AM",1,"T1",95,21.2042093502679,88.6350521647914,2,0.87735404182561,"high",0.145124502059743
"Site_C",2025-05-26,"AM",5,"T2",96,21.2042093502679,88.6350521647914,203,0.87735404182561,"high",0.145124502059743
"Site_C",2025-05-26,"AM",2,"T2",98,21.2042093502679,88.6350521647914,53,0.87735404182561,"high",0.145124502059743
"Site_C",2025-05-26,"AM",4,"T1",91,21.2042093502679,88.6350521647914,256,0.87735404182561,"high",0.145124502059743
"Site_C",2025-05-26,"AM",6,"T2",96,21.2042093502679,88.6350521647914,177,0.87735404182561,"high",0.145124502059743
"Site_C",2025-05-26,"PM",4,"T1",97,25.5414127075314,87.124773456124,0,0.636104949604822,"high",0.145124502059743
"Site_C",2025-05-26,"PM",6,"T1",98,25.5414127075314,87.124773456124,0,0.636104949604822,"high",0.145124502059743
"Site_C",2025-05-26,"PM",2,"T1",102,25.5414127075314,87.124773456124,23,0.636104949604822,"high",0.145124502059743
"Site_C",2025-05-26,"PM",3,"T2",93,25.5414127075314,87.124773456124,14,0.636104949604822,"high",0.145124502059743
"Site_C",2025-05-26,"PM",5,"T1",103,25.5414127075314,87.124773456124,0,0.636104949604822,"high",0.145124502059743
"Site_C",2025-05-26,"PM",1,"T2",102,25.5414127075314,87.124773456124,15,0.636104949604822,"high",0.145124502059743
"Site_C",2025-05-27,"AM",4,"T1",99,20.6950250785899,67.9053208949011,2,0.762989750956452,"high",0.145124502059743
"Site_C",2025-05-27,"AM",2,"T2",99,20.6950250785899,67.9053208949011,9,0.762989750956452,"high",0.145124502059743
"Site_C",2025-05-27,"AM",6,"T1",105,20.6950250785899,67.9053208949011,297,0.762989750956452,"high",0.145124502059743
"Site_C",2025-05-27,"AM",5,"T1",104,20.6950250785899,67.9053208949011,55,0.762989750956452,"high",0.145124502059743
"Site_C",2025-05-27,"AM",1,"T2",100,20.6950250785899,67.9053208949011,1,0.762989750956452,"high",0.145124502059743
"Site_C",2025-05-27,"AM",3,"T2",105,20.6950250785899,67.9053208949011,0,0.762989750956452,"high",0.145124502059743
"Site_C",2025-05-27,"PM",4,"T2",105,23.0469505406471,82.6306460948586,16,0.957658907031107,"high",0.145124502059743
"Site_C",2025-05-27,"PM",1,"T1",99,23.0469505406471,82.6306460948586,0,0.957658907031107,"high",0.145124502059743
"Site_C",2025-05-27,"PM",5,"T2",99,23.0469505406471,82.6306460948586,3,0.957658907031107,"high",0.145124502059743
"Site_C",2025-05-27,"PM",3,"T1",95,23.0469505406471,82.6306460948586,13,0.957658907031107,"high",0.145124502059743
"Site_C",2025-05-27,"PM",6,"T1",100,23.0469505406471,82.6306460948586,133,0.957658907031107,"high",0.145124502059743
"Site_C",2025-05-27,"PM",2,"T2",104,23.0469505406471,82.6306460948586,29,0.957658907031107,"high",0.145124502059743
"Site_C",2025-05-28,"AM",3,"T2",104,22.1988213990793,80.9942685964264,63,0.997334804432166,"high",0.145124502059743
"Site_C",2025-05-28,"AM",1,"T2",101,22.1988213990793,80.9942685964264,237,0.997334804432166,"high",0.145124502059743
"Site_C",2025-05-28,"AM",6,"T1",100,22.1988213990793,80.9942685964264,0,0.997334804432166,"high",0.145124502059743
"Site_C",2025-05-28,"AM",2,"T1",98,22.1988213990793,80.9942685964264,37,0.997334804432166,"high",0.145124502059743
"Site_C",2025-05-28,"AM",5,"T1",95,22.1988213990793,80.9942685964264,99,0.997334804432166,"high",0.145124502059743
"Site_C",2025-05-28,"AM",4,"T1",104,22.1988213990793,80.9942685964264,60,0.997334804432166,"high",0.145124502059743
"Site_C",2025-05-28,"PM",3,"T1",97,21.980536994312,81.4373680162284,49,0.996894427817754,"high",0.145124502059743
"Site_C",2025-05-28,"PM",5,"T2",101,21.980536994312,81.4373680162284,0,0.996894427817754,"high",0.145124502059743
"Site_C",2025-05-28,"PM",1,"T2",91,21.980536994312,81.4373680162284,29,0.996894427817754,"high",0.145124502059743
"Site_C",2025-05-28,"PM",4,"T1",92,21.980536994312,81.4373680162284,3,0.996894427817754,"high",0.145124502059743
"Site_C",2025-05-28,"PM",6,"T1",98,21.980536994312,81.4373680162284,0,0.996894427817754,"high",0.145124502059743
"Site_C",2025-05-28,"PM",2,"T2",97,21.980536994312,81.4373680162284,542,0.996894427817754,"high",0.145124502059743
"Site_C",2025-05-29,"AM",3,"T2",102,21.3203614654337,88.6580585837165,0,0.881350204761912,"high",0.145124502059743
"Site_C",2025-05-29,"AM",1,"T1",109,21.3203614654337,88.6580585837165,9,0.881350204761912,"high",0.145124502059743
"Site_C",2025-05-29,"AM",6,"T2",106,21.3203614654337,88.6580585837165,31,0.881350204761912,"high",0.145124502059743
"Site_C",2025-05-29,"AM",2,"T1",108,21.3203614654337,88.6580585837165,114,0.881350204761912,"high",0.145124502059743
"Site_C",2025-05-29,"AM",5,"T1",100,21.3203614654337,88.6580585837165,61,0.881350204761912,"high",0.145124502059743
"Site_C",2025-05-29,"AM",4,"T1",102,21.3203614654337,88.6580585837165,5,0.881350204761912,"high",0.145124502059743
"Site_C",2025-05-29,"PM",3,"T2",95,25.171751846283,79.1011851406171,226,0.738590162729299,"high",0.145124502059743
"Site_C",2025-05-29,"PM",2,"T2",101,25.171751846283,79.1011851406171,0,0.738590162729299,"high",0.145124502059743
"Site_C",2025-05-29,"PM",5,"T1",102,25.171751846283,79.1011851406171,15,0.738590162729299,"high",0.145124502059743
"Site_C",2025-05-29,"PM",4,"T1",96,25.171751846283,79.1011851406171,79,0.738590162729299,"high",0.145124502059743
"Site_C",2025-05-29,"PM",6,"T1",104,25.171751846283,79.1011851406171,2,0.738590162729299,"high",0.145124502059743
"Site_C",2025-05-29,"PM",1,"T2",99,25.171751846283,79.1011851406171,45,0.738590162729299,"high",0.145124502059743
"Site_C",2025-05-30,"AM",2,"T1",110,22.3302359083144,78.6248483021331,1,0.993910381405067,"high",0.145124502059743
"Site_C",2025-05-30,"AM",6,"T2",98,22.3302359083144,78.6248483021331,96,0.993910381405067,"high",0.145124502059743
"Site_C",2025-05-30,"AM",4,"T2",97,22.3302359083144,78.6248483021331,23,0.993910381405067,"high",0.145124502059743
"Site_C",2025-05-30,"AM",3,"T1",98,22.3302359083144,78.6248483021331,59,0.993910381405067,"high",0.145124502059743
"Site_C",2025-05-30,"AM",1,"T1",99,22.3302359083144,78.6248483021331,16,0.993910381405067,"high",0.145124502059743
"Site_C",2025-05-30,"AM",5,"T2",97,22.3302359083144,78.6248483021331,0,0.993910381405067,"high",0.145124502059743
"Site_C",2025-05-30,"PM",6,"T1",92,23.7477104949276,82.3328459003817,2,0.905020200791465,"high",0.145124502059743
"Site_C",2025-05-30,"PM",1,"T2",97,23.7477104949276,82.3328459003817,19,0.905020200791465,"high",0.145124502059743
"Site_C",2025-05-30,"PM",3,"T1",92,23.7477104949276,82.3328459003817,136,0.905020200791465,"high",0.145124502059743
"Site_C",2025-05-30,"PM",2,"T1",103,23.7477104949276,82.3328459003817,13,0.905020200791465,"high",0.145124502059743
"Site_C",2025-05-30,"PM",5,"T2",100,23.7477104949276,82.3328459003817,0,0.905020200791465,"high",0.145124502059743
"Site_C",2025-05-30,"PM",4,"T1",102,23.7477104949276,82.3328459003817,371,0.905020200791465,"high",0.145124502059743
"Site_C",2025-05-31,"AM",2,"T1",99,21.6698568822619,75.5239536335795,22,0.967226751888142,"high",0.145124502059743
"Site_C",2025-05-31,"AM",6,"T1",108,21.6698568822619,75.5239536335795,70,0.967226751888142,"high",0.145124502059743
"Site_C",2025-05-31,"AM",4,"T2",98,21.6698568822619,75.5239536335795,223,0.967226751888142,"high",0.145124502059743
"Site_C",2025-05-31,"AM",5,"T1",97,21.6698568822619,75.5239536335795,158,0.967226751888142,"high",0.145124502059743
"Site_C",2025-05-31,"AM",1,"T1",97,21.6698568822619,75.5239536335795,0,0.967226751888142,"high",0.145124502059743
"Site_C",2025-05-31,"AM",3,"T1",98,21.6698568822619,75.5239536335795,18,0.967226751888142,"high",0.145124502059743
"Site_C",2025-05-31,"PM",5,"T1",112,26.3675430599958,74.8796804940097,0,0.542487910183078,"high",0.145124502059743
"Site_C",2025-05-31,"PM",1,"T1",102,26.3675430599958,74.8796804940097,8,0.542487910183078,"high",0.145124502059743
"Site_C",2025-05-31,"PM",3,"T2",105,26.3675430599958,74.8796804940097,NA,0.542487910183078,"high",0.145124502059743
"Site_C",2025-05-31,"PM",6,"T2",96,26.3675430599958,74.8796804940097,0,0.542487910183078,"high",0.145124502059743
"Site_C",2025-05-31,"PM",2,"T2",101,26.3675430599958,74.8796804940097,6,0.542487910183078,"high",0.145124502059743
"Site_C",2025-05-31,"PM",4,"T1",90,26.3675430599958,74.8796804940097,88,0.542487910183078,"high",0.145124502059743
"Site_C",2025-06-01,"AM",1,"T1",103,20.852701497417,82.0343230961762,59,0.955331841057784,"high",0.145124502059743
"Site_C",2025-06-01,"AM",5,"T2",98,20.852701497417,82.0343230961762,63,0.955331841057784,"high",0.145124502059743
"Site_C",2025-06-01,"AM",2,"T2",101,20.852701497417,82.0343230961762,0,0.955331841057784,"high",0.145124502059743
"Site_C",2025-06-01,"AM",3,"T2",103,20.852701497417,82.0343230961762,0,0.955331841057784,"high",0.145124502059743
"Site_C",2025-06-01,"AM",6,"T1",104,20.852701497417,82.0343230961762,19,0.955331841057784,"high",0.145124502059743
"Site_C",2025-06-01,"AM",4,"T2",93,20.852701497417,82.0343230961762,0,0.955331841057784,"high",0.145124502059743
"Site_C",2025-06-01,"PM",5,"T2",103,25.7129839860236,75.5239362921607,0,0.641696247565415,"high",0.145124502059743
"Site_C",2025-06-01,"PM",1,"T2",101,25.7129839860236,75.5239362921607,0,0.641696247565415,"high",0.145124502059743
"Site_C",2025-06-01,"PM",4,"T2",100,25.7129839860236,75.5239362921607,5,0.641696247565415,"high",0.145124502059743
"Site_C",2025-06-01,"PM",2,"T1",96,25.7129839860236,75.5239362921607,24,0.641696247565415,"high",0.145124502059743
"Site_C",2025-06-01,"PM",6,"T2",101,25.7129839860236,75.5239362921607,55,0.641696247565415,"high",0.145124502059743
"Site_C",2025-06-01,"PM",3,"T1",101,25.7129839860236,75.5239362921607,63,0.641696247565415,"high",0.145124502059743
"Site_C",2025-06-02,"AM",2,"T2",97,22.6773533216301,86.7731617380008,141,0.920739796391208,"high",0.145124502059743
"Site_C",2025-06-02,"AM",6,"T2",105,22.6773533216301,86.7731617380008,0,0.920739796391208,"high",0.145124502059743
"Site_C",2025-06-02,"AM",3,"T2",104,22.6773533216301,86.7731617380008,36,0.920739796391208,"high",0.145124502059743
"Site_C",2025-06-02,"AM",5,"T2",103,22.6773533216301,86.7731617380008,19,0.920739796391208,"high",0.145124502059743
"Site_C",2025-06-02,"AM",4,"T1",101,22.6773533216301,86.7731617380008,17,0.920739796391208,"high",0.145124502059743
"Site_C",2025-06-02,"AM",1,"T1",96,22.6773533216301,86.7731617380008,250,0.920739796391208,"high",0.145124502059743
"Site_C",2025-06-02,"PM",6,"T1",97,25.7281967213809,67.6075788916287,0,0.523435390204811,"high",0.145124502059743
"Site_C",2025-06-02,"PM",2,"T2",104,25.7281967213809,67.6075788916287,2,0.523435390204811,"high",0.145124502059743
"Site_C",2025-06-02,"PM",4,"T1",107,25.7281967213809,67.6075788916287,5,0.523435390204811,"high",0.145124502059743
"Site_C",2025-06-02,"PM",5,"T1",103,25.7281967213809,67.6075788916287,25,0.523435390204811,"high",0.145124502059743
"Site_C",2025-06-02,"PM",1,"T2",100,25.7281967213809,67.6075788916287,85,0.523435390204811,"high",0.145124502059743
"Site_C",2025-06-02,"PM",3,"T1",100,25.7281967213809,67.6075788916287,1,0.523435390204811,"high",0.145124502059743
"Site_C",2025-06-03,"AM",4,"T1",112,22.288359526225,84.1230716227917,32,0.972394088447549,"high",0.145124502059743
"Site_C",2025-06-03,"AM",6,"T2",98,22.288359526225,84.1230716227917,245,0.972394088447549,"high",0.145124502059743
"Site_C",2025-06-03,"AM",3,"T2",105,22.288359526225,84.1230716227917,0,0.972394088447549,"high",0.145124502059743
"Site_C",2025-06-03,"AM",5,"T1",98,22.288359526225,84.1230716227917,0,0.972394088447549,"high",0.145124502059743
"Site_C",2025-06-03,"AM",2,"T1",98,22.288359526225,84.1230716227917,114,0.972394088447549,"high",0.145124502059743
"Site_C",2025-06-03,"AM",1,"T2",99,22.288359526225,84.1230716227917,10,0.972394088447549,"high",0.145124502059743
"Site_C",2025-06-03,"PM",6,"T1",88,25.9661937870259,73.2032538507966,0,0.582040973798964,"high",0.145124502059743
"Site_C",2025-06-03,"PM",3,"T2",100,25.9661937870259,73.2032538507966,4,0.582040973798964,"high",0.145124502059743
"Site_C",2025-06-03,"PM",5,"T2",97,25.9661937870259,73.2032538507966,39,0.582040973798964,"high",0.145124502059743
"Site_C",2025-06-03,"PM",2,"T2",99,25.9661937870259,73.2032538507966,0,0.582040973798964,"high",0.145124502059743
"Site_C",2025-06-03,"PM",4,"T2",89,25.9661937870259,73.2032538507966,22,0.582040973798964,"high",0.145124502059743
"Site_C",2025-06-03,"PM",1,"T1",98,25.9661937870259,73.2032538507966,0,0.582040973798964,"high",0.145124502059743
"Site_C",2025-06-04,"AM",3,"T1",99,20.9061216572288,87.0072321468293,5,0.896238204231535,"high",0.145124502059743
"Site_C",2025-06-04,"AM",5,"T2",104,20.9061216572288,87.0072321468293,1,0.896238204231535,"high",0.145124502059743
"Site_C",2025-06-04,"AM",4,"T2",94,20.9061216572288,87.0072321468293,12,0.896238204231535,"high",0.145124502059743
"Site_C",2025-06-04,"AM",1,"T2",99,20.9061216572288,87.0072321468293,97,0.896238204231535,"high",0.145124502059743
"Site_C",2025-06-04,"AM",6,"T1",100,20.9061216572288,87.0072321468293,18,0.896238204231535,"high",0.145124502059743
"Site_C",2025-06-04,"AM",2,"T2",99,20.9061216572288,87.0072321468293,304,0.896238204231535,"high",0.145124502059743
"Site_C",2025-06-04,"PM",6,"T1",106,26.3016606410279,78.4216506494699,0,0.57185757799447,"high",0.145124502059743
"Site_C",2025-06-04,"PM",3,"T1",104,26.3016606410279,78.4216506494699,3,0.57185757799447,"high",0.145124502059743
"Site_C",2025-06-04,"PM",5,"T1",103,26.3016606410279,78.4216506494699,18,0.57185757799447,"high",0.145124502059743
"Site_C",2025-06-04,"PM",2,"T2",98,26.3016606410279,78.4216506494699,2,0.57185757799447,"high",0.145124502059743
"Site_C",2025-06-04,"PM",4,"T2",101,26.3016606410279,78.4216506494699,0,0.57185757799447,"high",0.145124502059743
"Site_C",2025-06-04,"PM",1,"T2",100,26.3016606410279,78.4216506494699,NA,0.57185757799447,"high",0.145124502059743
"Site_D",2025-05-15,"AM",5,"T2",99,16.6330570662873,90.6587810799438,1,0.355390990185591,"low",-0.538982514666298
"Site_D",2025-05-15,"AM",1,"T1",97,16.6330570662873,90.6587810799438,3,0.355390990185591,"low",-0.538982514666298
"Site_D",2025-05-15,"AM",3,"T1",95,16.6330570662873,90.6587810799438,0,0.355390990185591,"low",-0.538982514666298
"Site_D",2025-05-15,"AM",6,"T1",94,16.6330570662873,90.6587810799438,3,0.355390990185591,"low",-0.538982514666298
"Site_D",2025-05-15,"AM",4,"T2",105,16.6330570662873,90.6587810799438,0,0.355390990185591,"low",-0.538982514666298
"Site_D",2025-05-15,"AM",2,"T1",101,16.6330570662873,90.6587810799438,18,0.355390990185591,"low",-0.538982514666298
"Site_D",2025-05-15,"PM",1,"T2",103,22.385427873221,78.2822961044148,1,0.991156932596044,"low",-0.538982514666298
"Site_D",2025-05-15,"PM",4,"T2",96,22.385427873221,78.2822961044148,6,0.991156932596044,"low",-0.538982514666298
"Site_D",2025-05-15,"PM",6,"T1",107,22.385427873221,78.2822961044148,0,0.991156932596044,"low",-0.538982514666298
"Site_D",2025-05-15,"PM",2,"T1",94,22.385427873221,78.2822961044148,21,0.991156932596044,"low",-0.538982514666298
"Site_D",2025-05-15,"PM",3,"T2",91,22.385427873221,78.2822961044148,33,0.991156932596044,"low",-0.538982514666298
"Site_D",2025-05-15,"PM",5,"T1",99,22.385427873221,78.2822961044148,0,0.991156932596044,"low",-0.538982514666298
"Site_D",2025-05-16,"AM",6,"T2",98,15.8448500986148,73.3576423113079,5,0.300364818112807,"low",-0.538982514666298
"Site_D",2025-05-16,"AM",2,"T1",102,15.8448500986148,73.3576423113079,15,0.300364818112807,"low",-0.538982514666298
"Site_D",2025-05-16,"AM",3,"T1",91,15.8448500986148,73.3576423113079,0,0.300364818112807,"low",-0.538982514666298
"Site_D",2025-05-16,"AM",5,"T1",98,15.8448500986148,73.3576423113079,0,0.300364818112807,"low",-0.538982514666298
"Site_D",2025-05-16,"AM",4,"T1",96,15.8448500986148,73.3576423113079,10,0.300364818112807,"low",-0.538982514666298
"Site_D",2025-05-16,"AM",1,"T1",101,15.8448500986148,73.3576423113079,0,0.300364818112807,"low",-0.538982514666298
"Site_D",2025-05-16,"PM",6,"T1",97,20.628140458705,84.538582609014,1,0.916348932488354,"low",-0.538982514666298
"Site_D",2025-05-16,"PM",4,"T2",95,20.628140458705,84.538582609014,0,0.916348932488354,"low",-0.538982514666298
"Site_D",2025-05-16,"PM",5,"T1",96,20.628140458705,84.538582609014,0,0.916348932488354,"low",-0.538982514666298
"Site_D",2025-05-16,"PM",2,"T2",105,20.628140458705,84.538582609014,0,0.916348932488354,"low",-0.538982514666298
"Site_D",2025-05-16,"PM",3,"T1",106,20.628140458705,84.538582609014,2,0.916348932488354,"low",-0.538982514666298
"Site_D",2025-05-16,"PM",1,"T2",101,20.628140458705,84.538582609014,0,0.916348932488354,"low",-0.538982514666298
"Site_D",2025-05-17,"AM",6,"T1",102,17.096664761314,94.6986156376759,NA,0.351567044946731,"low",-0.538982514666298
"Site_D",2025-05-17,"AM",5,"T1",101,17.096664761314,94.6986156376759,0,0.351567044946731,"low",-0.538982514666298
"Site_D",2025-05-17,"AM",2,"T2",102,17.096664761314,94.6986156376759,0,0.351567044946731,"low",-0.538982514666298
"Site_D",2025-05-17,"AM",1,"T2",103,17.096664761314,94.6986156376759,NA,0.351567044946731,"low",-0.538982514666298
"Site_D",2025-05-17,"AM",4,"T1",95,17.096664761314,94.6986156376759,0,0.351567044946731,"low",-0.538982514666298
"Site_D",2025-05-17,"AM",3,"T1",101,17.096664761314,94.6986156376759,3,0.351567044946731,"low",-0.538982514666298
"Site_D",2025-05-17,"PM",5,"T1",97,21.3890323621421,83.2245166615287,0,0.973561088052393,"low",-0.538982514666298
"Site_D",2025-05-17,"PM",3,"T1",96,21.3890323621421,83.2245166615287,2,0.973561088052393,"low",-0.538982514666298
"Site_D",2025-05-17,"PM",2,"T1",105,21.3890323621421,83.2245166615287,5,0.973561088052393,"low",-0.538982514666298
"Site_D",2025-05-17,"PM",4,"T2",96,21.3890323621421,83.2245166615287,11,0.973561088052393,"low",-0.538982514666298
"Site_D",2025-05-17,"PM",1,"T2",106,21.3890323621421,83.2245166615287,0,0.973561088052393,"low",-0.538982514666298
"Site_D",2025-05-17,"PM",6,"T1",101,21.3890323621421,83.2245166615287,9,0.973561088052393,"low",-0.538982514666298
"Site_D",2025-05-18,"AM",6,"T2",103,17.5016462105052,80.1995616742497,0,0.54492051349343,"low",-0.538982514666298
"Site_D",2025-05-18,"AM",3,"T1",97,17.5016462105052,80.1995616742497,0,0.54492051349343,"low",-0.538982514666298
"Site_D",2025-05-18,"AM",1,"T2",99,17.5016462105052,80.1995616742497,NA,0.54492051349343,"low",-0.538982514666298
"Site_D",2025-05-18,"AM",2,"T2",92,17.5016462105052,80.1995616742497,0,0.54492051349343,"low",-0.538982514666298
"Site_D",2025-05-18,"AM",5,"T1",105,17.5016462105052,80.1995616742497,0,0.54492051349343,"low",-0.538982514666298
"Site_D",2025-05-18,"AM",4,"T2",99,17.5016462105052,80.1995616742497,0,0.54492051349343,"low",-0.538982514666298
"Site_D",2025-05-18,"PM",1,"T2",96,21.8731303379166,80.3289624969595,0,0.999355006276614,"low",-0.538982514666298
"Site_D",2025-05-18,"PM",5,"T2",96,21.8731303379166,80.3289624969595,12,0.999355006276614,"low",-0.538982514666298
"Site_D",2025-05-18,"PM",3,"T2",106,21.8731303379166,80.3289624969595,40,0.999355006276614,"low",-0.538982514666298
"Site_D",2025-05-18,"PM",2,"T2",102,21.8731303379166,80.3289624969595,9,0.999355006276614,"low",-0.538982514666298
"Site_D",2025-05-18,"PM",4,"T1",99,21.8731303379166,80.3289624969595,0,0.999355006276614,"low",-0.538982514666298
"Site_D",2025-05-18,"PM",6,"T1",101,21.8731303379166,80.3289624969595,11,0.999355006276614,"low",-0.538982514666298
"Site_D",2025-05-19,"AM",6,"T2",93,19.100353606389,90.4148460826339,22,0.660378578496487,"low",-0.538982514666298
"Site_D",2025-05-19,"AM",5,"T2",103,19.100353606389,90.4148460826339,0,0.660378578496487,"low",-0.538982514666298
"Site_D",2025-05-19,"AM",1,"T1",106,19.100353606389,90.4148460826339,5,0.660378578496487,"low",-0.538982514666298
"Site_D",2025-05-19,"AM",3,"T2",101,19.100353606389,90.4148460826339,0,0.660378578496487,"low",-0.538982514666298
"Site_D",2025-05-19,"AM",2,"T1",101,19.100353606389,90.4148460826339,3,0.660378578496487,"low",-0.538982514666298
"Site_D",2025-05-19,"AM",4,"T1",99,19.100353606389,90.4148460826339,15,0.660378578496487,"low",-0.538982514666298
"Site_D",2025-05-19,"PM",2,"T2",97,22.1441239111291,73.76149055649,3,0.942705212591211,"low",-0.538982514666298
"Site_D",2025-05-19,"PM",3,"T1",103,22.1441239111291,73.76149055649,6,0.942705212591211,"low",-0.538982514666298
"Site_D",2025-05-19,"PM",6,"T1",92,22.1441239111291,73.76149055649,3,0.942705212591211,"low",-0.538982514666298
"Site_D",2025-05-19,"PM",4,"T2",95,22.1441239111291,73.76149055649,0,0.942705212591211,"low",-0.538982514666298
"Site_D",2025-05-19,"PM",5,"T2",98,22.1441239111291,73.76149055649,0,0.942705212591211,"low",-0.538982514666298
"Site_D",2025-05-19,"PM",1,"T1",106,22.1441239111291,73.76149055649,0,0.942705212591211,"low",-0.538982514666298
"Site_D",2025-05-20,"AM",2,"T1",94,19.536753422276,83.6069980898898,6,0.817468291670161,"low",-0.538982514666298
"Site_D",2025-05-20,"AM",6,"T2",100,19.536753422276,83.6069980898898,3,0.817468291670161,"low",-0.538982514666298
"Site_D",2025-05-20,"AM",3,"T1",103,19.536753422276,83.6069980898898,1,0.817468291670161,"low",-0.538982514666298
"Site_D",2025-05-20,"AM",4,"T1",105,19.536753422276,83.6069980898898,26,0.817468291670161,"low",-0.538982514666298
"Site_D",2025-05-20,"AM",1,"T2",104,19.536753422276,83.6069980898898,0,0.817468291670161,"low",-0.538982514666298
"Site_D",2025-05-20,"AM",5,"T2",103,19.536753422276,83.6069980898898,NA,0.817468291670161,"low",-0.538982514666298
"Site_D",2025-05-20,"PM",4,"T1",101,23.3057646620835,88.8712417830129,3,0.844340831812589,"low",-0.538982514666298
"Site_D",2025-05-20,"PM",5,"T2",103,23.3057646620835,88.8712417830129,NA,0.844340831812589,"low",-0.538982514666298
"Site_D",2025-05-20,"PM",1,"T1",102,23.3057646620835,88.8712417830129,3,0.844340831812589,"low",-0.538982514666298
"Site_D",2025-05-20,"PM",3,"T2",92,23.3057646620835,88.8712417830129,14,0.844340831812589,"low",-0.538982514666298
"Site_D",2025-05-20,"PM",6,"T2",91,23.3057646620835,88.8712417830129,0,0.844340831812589,"low",-0.538982514666298
"Site_D",2025-05-20,"PM",2,"T2",99,23.3057646620835,88.8712417830129,0,0.844340831812589,"low",-0.538982514666298
"Site_D",2025-05-21,"AM",3,"T1",99,17.0444751860076,86.0887424233327,2,0.452790396297064,"low",-0.538982514666298
"Site_D",2025-05-21,"AM",5,"T1",97,17.0444751860076,86.0887424233327,0,0.452790396297064,"low",-0.538982514666298
"Site_D",2025-05-21,"AM",4,"T2",111,17.0444751860076,86.0887424233327,0,0.452790396297064,"low",-0.538982514666298
"Site_D",2025-05-21,"AM",6,"T1",103,17.0444751860076,86.0887424233327,11,0.452790396297064,"low",-0.538982514666298
"Site_D",2025-05-21,"AM",2,"T2",104,17.0444751860076,86.0887424233327,0,0.452790396297064,"low",-0.538982514666298
"Site_D",2025-05-21,"AM",1,"T1",97,17.0444751860076,86.0887424233327,8,0.452790396297064,"low",-0.538982514666298
"Site_D",2025-05-21,"PM",3,"T1",104,20.8055489495673,68.4657764737802,5,0.784774496647451,"low",-0.538982514666298
"Site_D",2025-05-21,"PM",5,"T2",101,20.8055489495673,68.4657764737802,2,0.784774496647451,"low",-0.538982514666298
"Site_D",2025-05-21,"PM",1,"T2",105,20.8055489495673,68.4657764737802,0,0.784774496647451,"low",-0.538982514666298
"Site_D",2025-05-21,"PM",2,"T1",92,20.8055489495673,68.4657764737802,0,0.784774496647451,"low",-0.538982514666298
"Site_D",2025-05-21,"PM",6,"T2",98,20.8055489495673,68.4657764737802,18,0.784774496647451,"low",-0.538982514666298
"Site_D",2025-05-21,"PM",4,"T1",100,20.8055489495673,68.4657764737802,1,0.784774496647451,"low",-0.538982514666298
"Site_D",2025-05-22,"AM",3,"T1",101,20.2949438935795,87.3189794348413,6,0.845719377290478,"low",-0.538982514666298
"Site_D",2025-05-22,"AM",2,"T1",96,20.2949438935795,87.3189794348413,6,0.845719377290478,"low",-0.538982514666298
"Site_D",2025-05-22,"AM",5,"T2",102,20.2949438935795,87.3189794348413,5,0.845719377290478,"low",-0.538982514666298
"Site_D",2025-05-22,"AM",6,"T1",106,20.2949438935795,87.3189794348413,0,0.845719377290478,"low",-0.538982514666298
"Site_D",2025-05-22,"AM",4,"T1",107,20.2949438935795,87.3189794348413,0,0.845719377290478,"low",-0.538982514666298
"Site_D",2025-05-22,"AM",1,"T1",96,20.2949438935795,87.3189794348413,0,0.845719377290478,"low",-0.538982514666298
"Site_D",2025-05-22,"PM",6,"T1",102,22.4310915730031,69.7339516717032,1,0.849028248332541,"low",-0.538982514666298
"Site_D",2025-05-22,"PM",1,"T2",95,22.4310915730031,69.7339516717032,6,0.849028248332541,"low",-0.538982514666298
"Site_D",2025-05-22,"PM",2,"T2",100,22.4310915730031,69.7339516717032,2,0.849028248332541,"low",-0.538982514666298
"Site_D",2025-05-22,"PM",4,"T1",105,22.4310915730031,69.7339516717032,10,0.849028248332541,"low",-0.538982514666298
"Site_D",2025-05-22,"PM",3,"T1",104,22.4310915730031,69.7339516717032,0,0.849028248332541,"low",-0.538982514666298
"Site_D",2025-05-22,"PM",5,"T2",99,22.4310915730031,69.7339516717032,0,0.849028248332541,"low",-0.538982514666298
"Site_D",2025-05-23,"AM",4,"T1",93,18.4822445283861,85.4395867243155,2,0.659929833600946,"low",-0.538982514666298
"Site_D",2025-05-23,"AM",3,"T2",99,18.4822445283861,85.4395867243155,0,0.659929833600946,"low",-0.538982514666298
"Site_D",2025-05-23,"AM",6,"T1",102,18.4822445283861,85.4395867243155,4,0.659929833600946,"low",-0.538982514666298
"Site_D",2025-05-23,"AM",5,"T1",109,18.4822445283861,85.4395867243155,18,0.659929833600946,"low",-0.538982514666298
"Site_D",2025-05-23,"AM",2,"T1",107,18.4822445283861,85.4395867243155,18,0.659929833600946,"low",-0.538982514666298
"Site_D",2025-05-23,"AM",1,"T2",103,18.4822445283861,85.4395867243155,5,0.659929833600946,"low",-0.538982514666298
"Site_D",2025-05-23,"PM",6,"T1",105,24.0939310999688,71.8269147861873,26,0.793155959526874,"low",-0.538982514666298
"Site_D",2025-05-23,"PM",1,"T2",96,24.0939310999688,71.8269147861873,0,0.793155959526874,"low",-0.538982514666298
"Site_D",2025-05-23,"PM",2,"T1",98,24.0939310999688,71.8269147861873,1,0.793155959526874,"low",-0.538982514666298
"Site_D",2025-05-23,"PM",4,"T1",94,24.0939310999688,71.8269147861873,11,0.793155959526874,"low",-0.538982514666298
"Site_D",2025-05-23,"PM",3,"T1",98,24.0939310999688,71.8269147861873,NA,0.793155959526874,"low",-0.538982514666298
"Site_D",2025-05-23,"PM",5,"T1",106,24.0939310999688,71.8269147861873,0,0.793155959526874,"low",-0.538982514666298
"Site_D",2025-05-24,"AM",6,"T1",102,22.1618839905142,82.5338539824858,10,0.989637250339047,"low",-0.538982514666298
"Site_D",2025-05-24,"AM",3,"T2",94,22.1618839905142,82.5338539824858,15,0.989637250339047,"low",-0.538982514666298
"Site_D",2025-05-24,"AM",2,"T1",106,22.1618839905142,82.5338539824858,0,0.989637250339047,"low",-0.538982514666298
"Site_D",2025-05-24,"AM",4,"T2",100,22.1618839905142,82.5338539824858,21,0.989637250339047,"low",-0.538982514666298
"Site_D",2025-05-24,"AM",5,"T1",103,22.1618839905142,82.5338539824858,7,0.989637250339047,"low",-0.538982514666298
"Site_D",2025-05-24,"AM",1,"T2",94,22.1618839905142,82.5338539824858,12,0.989637250339047,"low",-0.538982514666298
"Site_D",2025-05-24,"PM",5,"T2",90,22.2520035059208,79.7223169317595,1,0.997981205672507,"low",-0.538982514666298
"Site_D",2025-05-24,"PM",6,"T1",110,22.2520035059208,79.7223169317595,0,0.997981205672507,"low",-0.538982514666298
"Site_D",2025-05-24,"PM",3,"T2",101,22.2520035059208,79.7223169317595,0,0.997981205672507,"low",-0.538982514666298
"Site_D",2025-05-24,"PM",1,"T2",95,22.2520035059208,79.7223169317595,0,0.997981205672507,"low",-0.538982514666298
"Site_D",2025-05-24,"PM",2,"T1",99,22.2520035059208,79.7223169317595,0,0.997981205672507,"low",-0.538982514666298
"Site_D",2025-05-24,"PM",4,"T2",102,22.2520035059208,79.7223169317595,2,0.997981205672507,"low",-0.538982514666298
"Site_D",2025-05-25,"AM",5,"T2",103,21.3717984967889,78.7180573712223,18,0.985797639501319,"low",-0.538982514666298
"Site_D",2025-05-25,"AM",3,"T2",107,21.3717984967889,78.7180573712223,5,0.985797639501319,"low",-0.538982514666298
"Site_D",2025-05-25,"AM",1,"T1",95,21.3717984967889,78.7180573712223,0,0.985797639501319,"low",-0.538982514666298
"Site_D",2025-05-25,"AM",4,"T2",106,21.3717984967889,78.7180573712223,181,0.985797639501319,"low",-0.538982514666298
"Site_D",2025-05-25,"AM",6,"T1",100,21.3717984967889,78.7180573712223,0,0.985797639501319,"low",-0.538982514666298
"Site_D",2025-05-25,"AM",2,"T1",101,21.3717984967889,78.7180573712223,57,0.985797639501319,"low",-0.538982514666298
"Site_D",2025-05-25,"PM",1,"T1",99,22.0753343205786,85.15325607595,0,0.960785278873705,"low",-0.538982514666298
"Site_D",2025-05-25,"PM",5,"T2",107,22.0753343205786,85.15325607595,15,0.960785278873705,"low",-0.538982514666298
"Site_D",2025-05-25,"PM",2,"T2",102,22.0753343205786,85.15325607595,0,0.960785278873705,"low",-0.538982514666298
"Site_D",2025-05-25,"PM",4,"T1",93,22.0753343205786,85.15325607595,0,0.960785278873705,"low",-0.538982514666298
"Site_D",2025-05-25,"PM",6,"T1",110,22.0753343205786,85.15325607595,10,0.960785278873705,"low",-0.538982514666298
"Site_D",2025-05-25,"PM",3,"T1",104,22.0753343205786,85.15325607595,4,0.960785278873705,"low",-0.538982514666298
"Site_D",2025-05-26,"AM",6,"T2",105,18.9467794799902,93.0833219568032,3,0.584835518376895,"low",-0.538982514666298
"Site_D",2025-05-26,"AM",2,"T1",101,18.9467794799902,93.0833219568032,1,0.584835518376895,"low",-0.538982514666298
"Site_D",2025-05-26,"AM",4,"T1",100,18.9467794799902,93.0833219568032,1,0.584835518376895,"low",-0.538982514666298
"Site_D",2025-05-26,"AM",1,"T2",101,18.9467794799902,93.0833219568032,0,0.584835518376895,"low",-0.538982514666298
"Site_D",2025-05-26,"AM",3,"T2",101,18.9467794799902,93.0833219568032,0,0.584835518376895,"low",-0.538982514666298
"Site_D",2025-05-26,"AM",5,"T1",105,18.9467794799902,93.0833219568032,23,0.584835518376895,"low",-0.538982514666298
"Site_D",2025-05-26,"PM",2,"T2",102,22.7893411478426,80.8497119322994,0,0.980419439903165,"low",-0.538982514666298
"Site_D",2025-05-26,"PM",6,"T1",105,22.7893411478426,80.8497119322994,0,0.980419439903165,"low",-0.538982514666298
"Site_D",2025-05-26,"PM",4,"T1",90,22.7893411478426,80.8497119322994,0,0.980419439903165,"low",-0.538982514666298
"Site_D",2025-05-26,"PM",5,"T2",100,22.7893411478426,80.8497119322994,1,0.980419439903165,"low",-0.538982514666298
"Site_D",2025-05-26,"PM",3,"T1",91,22.7893411478426,80.8497119322994,0,0.980419439903165,"low",-0.538982514666298
"Site_D",2025-05-26,"PM",1,"T1",106,22.7893411478426,80.8497119322994,0,0.980419439903165,"low",-0.538982514666298
"Site_D",2025-05-27,"AM",2,"T2",98,21.653814961781,90.6636146554063,10,0.840158815705833,"low",-0.538982514666298
"Site_D",2025-05-27,"AM",4,"T2",98,21.653814961781,90.6636146554063,15,0.840158815705833,"low",-0.538982514666298
"Site_D",2025-05-27,"AM",5,"T2",101,21.653814961781,90.6636146554063,12,0.840158815705833,"low",-0.538982514666298
"Site_D",2025-05-27,"AM",6,"T2",100,21.653814961781,90.6636146554063,10,0.840158815705833,"low",-0.538982514666298
"Site_D",2025-05-27,"AM",3,"T1",97,21.653814961781,90.6636146554063,14,0.840158815705833,"low",-0.538982514666298
"Site_D",2025-05-27,"AM",1,"T2",99,21.653814961781,90.6636146554063,1,0.840158815705833,"low",-0.538982514666298
"Site_D",2025-05-27,"PM",3,"T2",105,22.1390073845214,79.009786053622,8,0.997951623714056,"low",-0.538982514666298
"Site_D",2025-05-27,"PM",2,"T1",100,22.1390073845214,79.009786053622,4,0.997951623714056,"low",-0.538982514666298
"Site_D",2025-05-27,"PM",5,"T1",106,22.1390073845214,79.009786053622,6,0.997951623714056,"low",-0.538982514666298
"Site_D",2025-05-27,"PM",1,"T1",100,22.1390073845214,79.009786053622,8,0.997951623714056,"low",-0.538982514666298
"Site_D",2025-05-27,"PM",6,"T1",107,22.1390073845214,79.009786053622,41,0.997951623714056,"low",-0.538982514666298
"Site_D",2025-05-27,"PM",4,"T1",100,22.1390073845214,79.009786053622,28,0.997951623714056,"low",-0.538982514666298
"Site_D",2025-05-28,"AM",3,"T1",102,NA,NA,NA,NA,"low",-0.538982514666298
"Site_D",2025-05-28,"AM",1,"T1",97,NA,NA,NA,NA,"low",-0.538982514666298
"Site_D",2025-05-28,"AM",6,"T1",95,NA,NA,NA,NA,"low",-0.538982514666298
"Site_D",2025-05-28,"AM",5,"T1",100,NA,NA,NA,NA,"low",-0.538982514666298
"Site_D",2025-05-28,"AM",2,"T1",94,NA,NA,NA,NA,"low",-0.538982514666298
"Site_D",2025-05-28,"AM",4,"T1",107,NA,NA,NA,NA,"low",-0.538982514666298
"Site_D",2025-05-28,"PM",3,"T1",104,24.5866132148791,58.5040769718982,3,0.409086318329315,"low",-0.538982514666298
"Site_D",2025-05-28,"PM",2,"T2",97,24.5866132148791,58.5040769718982,0,0.409086318329315,"low",-0.538982514666298
"Site_D",2025-05-28,"PM",5,"T2",96,24.5866132148791,58.5040769718982,0,0.409086318329315,"low",-0.538982514666298
"Site_D",2025-05-28,"PM",1,"T1",99,24.5866132148791,58.5040769718982,0,0.409086318329315,"low",-0.538982514666298
"Site_D",2025-05-28,"PM",6,"T1",93,24.5866132148791,58.5040769718982,2,0.409086318329315,"low",-0.538982514666298
"Site_D",2025-05-28,"PM",4,"T1",98,24.5866132148791,58.5040769718982,0,0.409086318329315,"low",-0.538982514666298
"Site_D",2025-05-29,"AM",3,"T1",95,21.0819613035484,87.9617324809416,1,0.886594440218504,"low",-0.538982514666298
"Site_D",2025-05-29,"AM",1,"T2",100,21.0819613035484,87.9617324809416,1,0.886594440218504,"low",-0.538982514666298
"Site_D",2025-05-29,"AM",6,"T1",90,21.0819613035484,87.9617324809416,6,0.886594440218504,"low",-0.538982514666298
"Site_D",2025-05-29,"AM",5,"T1",102,21.0819613035484,87.9617324809416,NA,0.886594440218504,"low",-0.538982514666298
"Site_D",2025-05-29,"AM",2,"T2",100,21.0819613035484,87.9617324809416,9,0.886594440218504,"low",-0.538982514666298
"Site_D",2025-05-29,"AM",4,"T1",96,21.0819613035484,87.9617324809416,2,0.886594440218504,"low",-0.538982514666298
"Site_D",2025-05-29,"PM",2,"T1",100,23.3891537285838,73.4828450954558,1,0.885500369461991,"low",-0.538982514666298
"Site_D",2025-05-29,"PM",6,"T1",108,23.3891537285838,73.4828450954558,1,0.885500369461991,"low",-0.538982514666298
"Site_D",2025-05-29,"PM",3,"T2",97,23.3891537285838,73.4828450954558,0,0.885500369461991,"low",-0.538982514666298
"Site_D",2025-05-29,"PM",4,"T1",100,23.3891537285838,73.4828450954558,2,0.885500369461991,"low",-0.538982514666298
"Site_D",2025-05-29,"PM",1,"T1",95,23.3891537285838,73.4828450954558,28,0.885500369461991,"low",-0.538982514666298
"Site_D",2025-05-29,"PM",5,"T1",102,23.3891537285838,73.4828450954558,11,0.885500369461991,"low",-0.538982514666298
"Site_D",2025-05-30,"AM",2,"T2",93,22.4080302106829,88.1372475104841,3,0.900939784775168,"low",-0.538982514666298
"Site_D",2025-05-30,"AM",6,"T2",104,22.4080302106829,88.1372475104841,21,0.900939784775168,"low",-0.538982514666298
"Site_D",2025-05-30,"AM",4,"T1",101,22.4080302106829,88.1372475104841,0,0.900939784775168,"low",-0.538982514666298
"Site_D",2025-05-30,"AM",3,"T1",107,22.4080302106829,88.1372475104841,6,0.900939784775168,"low",-0.538982514666298
"Site_D",2025-05-30,"AM",1,"T1",95,22.4080302106829,88.1372475104841,0,0.900939784775168,"low",-0.538982514666298
"Site_D",2025-05-30,"AM",5,"T1",89,22.4080302106829,88.1372475104841,0,0.900939784775168,"low",-0.538982514666298
"Site_D",2025-05-30,"PM",4,"T2",96,27.3449176142872,64.6538059139806,0,0.298106987487442,"low",-0.538982514666298
"Site_D",2025-05-30,"PM",6,"T2",111,27.3449176142872,64.6538059139806,1,0.298106987487442,"low",-0.538982514666298
"Site_D",2025-05-30,"PM",2,"T2",100,27.3449176142872,64.6538059139806,21,0.298106987487442,"low",-0.538982514666298
"Site_D",2025-05-30,"PM",5,"T1",95,27.3449176142872,64.6538059139806,8,0.298106987487442,"low",-0.538982514666298
"Site_D",2025-05-30,"PM",1,"T1",95,27.3449176142872,64.6538059139806,0,0.298106987487442,"low",-0.538982514666298
"Site_D",2025-05-30,"PM",3,"T1",94,27.3449176142872,64.6538059139806,0,0.298106987487442,"low",-0.538982514666298
"Site_D",2025-05-31,"AM",4,"T1",101,21.4465783810488,78.5040357170352,2,0.987533233739375,"low",-0.538982514666298
"Site_D",2025-05-31,"AM",3,"T2",105,21.4465783810488,78.5040357170352,16,0.987533233739375,"low",-0.538982514666298
"Site_D",2025-05-31,"AM",1,"T2",109,21.4465783810488,78.5040357170352,0,0.987533233739375,"low",-0.538982514666298
"Site_D",2025-05-31,"AM",6,"T2",106,21.4465783810488,78.5040357170352,8,0.987533233739375,"low",-0.538982514666298
"Site_D",2025-05-31,"AM",2,"T2",98,21.4465783810488,78.5040357170352,5,0.987533233739375,"low",-0.538982514666298
"Site_D",2025-05-31,"AM",5,"T1",108,21.4465783810488,78.5040357170352,1,0.987533233739375,"low",-0.538982514666298
"Site_D",2025-05-31,"PM",3,"T1",102,25.2590415700887,81.044432276608,0,0.725948054612551,"low",-0.538982514666298
"Site_D",2025-05-31,"PM",5,"T1",88,25.2590415700887,81.044432276608,0,0.725948054612551,"low",-0.538982514666298
"Site_D",2025-05-31,"PM",2,"T2",100,25.2590415700887,81.044432276608,NA,0.725948054612551,"low",-0.538982514666298
"Site_D",2025-05-31,"PM",1,"T1",91,25.2590415700887,81.044432276608,0,0.725948054612551,"low",-0.538982514666298
"Site_D",2025-05-31,"PM",4,"T2",93,25.2590415700887,81.044432276608,0,0.725948054612551,"low",-0.538982514666298
"Site_D",2025-05-31,"PM",6,"T2",99,25.2590415700887,81.044432276608,2,0.725948054612551,"low",-0.538982514666298
"Site_D",2025-06-01,"AM",1,"T2",96,23.3698484931447,84.633812583602,0,0.915300478863444,"low",-0.538982514666298
"Site_D",2025-06-01,"AM",5,"T1",97,23.3698484931447,84.633812583602,10,0.915300478863444,"low",-0.538982514666298
"Site_D",2025-06-01,"AM",2,"T2",101,23.3698484931447,84.633812583602,1,0.915300478863444,"low",-0.538982514666298
"Site_D",2025-06-01,"AM",3,"T1",105,23.3698484931447,84.633812583602,10,0.915300478863444,"low",-0.538982514666298
"Site_D",2025-06-01,"AM",6,"T1",95,23.3698484931447,84.633812583602,1,0.915300478863444,"low",-0.538982514666298
"Site_D",2025-06-01,"AM",4,"T2",105,23.3698484931447,84.633812583602,1,0.915300478863444,"low",-0.538982514666298
"Site_D",2025-06-01,"PM",6,"T2",104,23.9565478485573,91.223503376439,0,0.738013673650032,"low",-0.538982514666298
"Site_D",2025-06-01,"PM",3,"T1",99,23.9565478485573,91.223503376439,0,0.738013673650032,"low",-0.538982514666298
"Site_D",2025-06-01,"PM",5,"T2",99,23.9565478485573,91.223503376439,0,0.738013673650032,"low",-0.538982514666298
"Site_D",2025-06-01,"PM",2,"T1",102,23.9565478485573,91.223503376439,8,0.738013673650032,"low",-0.538982514666298
"Site_D",2025-06-01,"PM",4,"T2",107,23.9565478485573,91.223503376439,1,0.738013673650032,"low",-0.538982514666298
"Site_D",2025-06-01,"PM",1,"T2",102,23.9565478485573,91.223503376439,0,0.738013673650032,"low",-0.538982514666298
"Site_D",2025-06-02,"AM",6,"T1",103,23.2553954190259,82.1109802771229,0,0.947465374895749,"low",-0.538982514666298
"Site_D",2025-06-02,"AM",2,"T1",97,23.2553954190259,82.1109802771229,103,0.947465374895749,"low",-0.538982514666298
"Site_D",2025-06-02,"AM",4,"T2",101,23.2553954190259,82.1109802771229,12,0.947465374895749,"low",-0.538982514666298
"Site_D",2025-06-02,"AM",3,"T2",98,23.2553954190259,82.1109802771229,0,0.947465374895749,"low",-0.538982514666298
"Site_D",2025-06-02,"AM",1,"T1",102,23.2553954190259,82.1109802771229,0,0.947465374895749,"low",-0.538982514666298
"Site_D",2025-06-02,"AM",5,"T2",104,23.2553954190259,82.1109802771229,8,0.947465374895749,"low",-0.538982514666298
"Site_D",2025-06-02,"PM",6,"T1",103,25.0518254309824,75.2079123736668,0,0.730624734923737,"low",-0.538982514666298
"Site_D",2025-06-02,"PM",3,"T1",96,25.0518254309824,75.2079123736668,3,0.730624734923737,"low",-0.538982514666298
"Site_D",2025-06-02,"PM",5,"T2",98,25.0518254309824,75.2079123736668,0,0.730624734923737,"low",-0.538982514666298
"Site_D",2025-06-02,"PM",2,"T2",96,25.0518254309824,75.2079123736668,1,0.730624734923737,"low",-0.538982514666298
"Site_D",2025-06-02,"PM",4,"T2",98,25.0518254309824,75.2079123736668,3,0.730624734923737,"low",-0.538982514666298
"Site_D",2025-06-02,"PM",1,"T2",102,25.0518254309824,75.2079123736668,4,0.730624734923737,"low",-0.538982514666298
"Site_D",2025-06-03,"AM",6,"T1",105,24.3567022898784,76.2370331671241,3,0.828729685854829,"low",-0.538982514666298
"Site_D",2025-06-03,"AM",2,"T1",101,24.3567022898784,76.2370331671241,11,0.828729685854829,"low",-0.538982514666298
"Site_D",2025-06-03,"AM",4,"T2",103,24.3567022898784,76.2370331671241,0,0.828729685854829,"low",-0.538982514666298
"Site_D",2025-06-03,"AM",3,"T2",91,24.3567022898784,76.2370331671241,0,0.828729685854829,"low",-0.538982514666298
"Site_D",2025-06-03,"AM",1,"T1",102,24.3567022898784,76.2370331671241,7,0.828729685854829,"low",-0.538982514666298
"Site_D",2025-06-03,"AM",5,"T2",95,24.3567022898784,76.2370331671241,0,0.828729685854829,"low",-0.538982514666298
"Site_D",2025-06-03,"PM",5,"T2",99,28.1076558133539,60.0220676645526,0,0.17946403439243,"low",-0.538982514666298
"Site_D",2025-06-03,"PM",1,"T1",103,28.1076558133539,60.0220676645526,0,0.17946403439243,"low",-0.538982514666298
"Site_D",2025-06-03,"PM",6,"T2",90,28.1076558133539,60.0220676645526,0,0.17946403439243,"low",-0.538982514666298
"Site_D",2025-06-03,"PM",3,"T1",105,28.1076558133539,60.0220676645526,0,0.17946403439243,"low",-0.538982514666298
"Site_D",2025-06-03,"PM",2,"T2",91,28.1076558133539,60.0220676645526,0,0.17946403439243,"low",-0.538982514666298
"Site_D",2025-06-03,"PM",4,"T2",101,28.1076558133539,60.0220676645526,0,0.17946403439243,"low",-0.538982514666298
"Site_D",2025-06-04,"AM",5,"T2",100,23.1270609912298,82.1787026287162,6,0.955779432153657,"low",-0.538982514666298
"Site_D",2025-06-04,"AM",6,"T1",106,23.1270609912298,82.1787026287162,14,0.955779432153657,"low",-0.538982514666298
"Site_D",2025-06-04,"AM",3,"T2",96,23.1270609912298,82.1787026287162,0,0.955779432153657,"low",-0.538982514666298
"Site_D",2025-06-04,"AM",1,"T1",105,23.1270609912298,82.1787026287162,2,0.955779432153657,"low",-0.538982514666298
"Site_D",2025-06-04,"AM",2,"T1",94,23.1270609912298,82.1787026287162,9,0.955779432153657,"low",-0.538982514666298
"Site_D",2025-06-04,"AM",4,"T2",91,23.1270609912298,82.1787026287162,0,0.955779432153657,"low",-0.538982514666298
"Site_D",2025-06-04,"PM",3,"T2",106,NA,NA,NA,NA,"low",-0.538982514666298
"Site_D",2025-06-04,"PM",1,"T2",99,NA,NA,NA,NA,"low",-0.538982514666298
"Site_D",2025-06-04,"PM",5,"T1",95,NA,NA,NA,NA,"low",-0.538982514666298
"Site_D",2025-06-04,"PM",2,"T1",103,NA,NA,NA,NA,"low",-0.538982514666298
"Site_D",2025-06-04,"PM",4,"T1",92,NA,NA,NA,NA,"low",-0.538982514666298
"Site_D",2025-06-04,"PM",6,"T2",96,NA,NA,NA,NA,"low",-0.538982514666298
