"","site","year","summer_temp","spring_temp","fall_temp","rh","precip","snow_depth","gdd","vpd","questing_days","forest_cover","shrub_cover","habitat_quality","host_density","host_movement","egg_survival","larval_survival","encounter_prob","tick_abundance","hair_loss_index"
"1",1,1,20.7419168942933,9.50303413362013,6.50696709652646,65.2293330365686,399.650273574901,39.7150750325475,1883.49954590282,0.851413129487858,44.1721307216856,0.828990595345385,0.201687148096971,0.886914594777827,5.82047200602152,16.3501093853722,0.867212225635222,1,0.868619901263492,402,0.154357356565111
"2",2,1,16.8706036572078,10.8446407716648,8.07321224086385,71.3761120510759,283.949850090969,38.1092829712563,1416.58109903741,0.550301694254274,54.1401173975404,0.851261280407198,0.121601999527775,0.0991045659119014,2.00851281734156,15.1822484830822,0.745826933405133,1,0.728271357336859,66,0.0399873159051068
"3",3,1,18.7262568226747,11.9753065872793,8.6466192484061,69.381440549751,323.390411495061,43.8949377160719,1631.38143148341,0.661622002959955,58.6345113322098,0.776134662958793,0.555466792918742,0.317107149252264,2.70017636571047,18.3480771278303,0.80678512639769,1,0.815551173014175,46,0.0619390463651037
"4",4,1,19.2657252099221,11.67113634407,8.75935206480318,69.604956916119,288.135422625087,32.7699408281153,1691.63020025851,0.679273880182332,47.354473062571,0.829982252395712,0.237306055286899,0.959095595305815,7.06513982913695,21.7840893116515,0.808293343962596,1,0.932728695420788,238,0.121545614926126
"5",5,1,18.808536646282,8.67895628190859,9.75311299159072,56.5758144761127,315.146072937383,66.7364069832008,1652.32073941387,0.943170545051723,57.0088122356828,0.802807419467717,0.126314556016587,0.757105997282063,4.82589208357843,15.4094927243873,0.804371822015081,1,0.873084034076235,47,0.0413347843495204
"6",6,1,17.787750967817,13.1281389865837,9.86677597513927,73.805336761737,329.645335200283,36.8081483274499,1563.60739838872,0.53365641205025,61.9928102969487,0.669617631845176,0.342625283775851,-0.455593727895449,1.74827325222692,17.0708326816662,0.78686099687706,1,0.775182220310455,112,0.0619972624754944
"7",7,1,21.0230439948779,6.75404812941691,3.14238495463516,82.589516719761,313.871566120182,69.1898440629742,1978.66326333041,0.433754915777925,37.6950120001673,0.76179366549477,0.453756080381572,0.279628417868554,2.74034276507084,19.4792742515175,0.853691131995753,1,0.716449373364863,235,0.0724083996802166
"8",8,1,17.8106819231738,11.727792746958,11.4559880468423,84.2508996841885,298.715001812836,28.1858411772926,1567.84755544602,0.321315607748928,54.1465312491227,0.622423811792396,0.43933839504607,0.0240168178686892,1.51160548351134,19.0022200863727,0.778367757882798,1,0.736525755654593,377,0.137026757828587
"9",9,1,22.0368474277541,8.9767944531276,8.91200529255442,91.5948198871809,291.726359174398,62.6334315379028,2045.79244597928,0.222799700198062,49.3178859082268,0.764769381470978,0.368144696136005,0.106472485906095,3.32696970829022,16.5925986496725,0.867618919023049,1,0.78705386149551,42,0.0471920033532469
"10",10,1,17.8745718018952,6.1652699491092,6.8592793085087,77.1223197625717,322.042650641697,40.951774882809,1508.89486605309,0.468635136023241,45.9630555643172,0.203492293343879,0.23683619746007,-1.523453564912,0.392052113176774,15.0249916395092,0.786931193354331,1,0.561624316524413,341,0.156702057137448
"11",11,1,20.609739308447,6.2683723027601,5.77075119564406,66.5839693668763,307.956727558594,51.9733254101381,1900.44934167056,0.811609844125193,48.1834762402685,0.313682805583812,0.105169676733203,-2.80213404825816,0.3973501154074,18.1003852844127,0.842229348601638,1,0.615319514337971,45,0.0384464941280362
"12",12,1,22.5732907854022,10.4903581268794,9.81012853112779,79.018737889749,287.333082273844,61.4666683501938,2152.65364086327,0.574600510403133,50.3437696685624,0.53960945662111,0.135837074392475,-0.672392095040937,1.66977525583224,20.1344209983327,0.874096579345905,1,0.734576351355368,203,0.081561456115378
"13",13,1,15.2222785977753,14.4470686038161,8.65619203096827,83.7987601849749,342.641736178732,36.2429725011211,1221.13462911449,0.28035769218149,58.4687794885194,0.22586019244045,0.336447657924145,-1.34786061164852,0.952216525980367,13.9648189212156,0.722603135717507,1,0.676551636035289,47,0.0548530827688853
"14",14,1,17.4424224663653,10.5467521282889,10.1561799200956,90.0920386433134,344.223689634827,53.5609177271446,1487.38564791236,0.197503526519529,65.7862715281819,0.27697993721813,0.283973136008717,-0.290127946782562,1.86942112232629,13.7540022104002,0.785314584328039,1,0.772435464424865,144,0.0426148334256746
"15",15,1,17.7333573272127,12.2615695890566,7.879368892595,81.4900280055152,330.214216252582,49.3296640008191,1565.30172334541,0.375808467485368,50.8120933749305,0.888872894877568,0.427370699727908,0.59090108991135,2.29936529374464,18.44993671791,0.786742339875058,1,0.75706758000587,18,0.0464330850871332
"16",16,1,19.2719007961401,11.6773387481202,7.51296247607375,86.3459504703517,253.935204726757,33.2217454465628,1718.19572048231,0.305260490857563,57.2593524229157,0.408433143957518,0.204927416308783,0.215536389438513,3.73108691975286,14.5462058554919,0.800024118608459,1,0.826986241983372,6,0.0370396330904923
"17",17,1,17.4314941571679,8.69076944424359,12.4828451213766,78.5133592136236,344.148181957466,58.6505753423601,1559.90996723876,0.428015340381791,72.3140300458846,0.389920501969755,0.353228860674426,-0.659030734720623,1.75885111023934,23.3621082980189,0.783452391799569,1,0.865899769064009,243,0.0779431158064135
"18",18,1,12.6870891581904,11.9079219569588,3.92801405828834,64.7799871311912,345.548970632657,15.4738668493423,920.904051386178,0.516983327021248,41.6982118243117,0.697095019626431,0.525033374107443,1.02893679356409,5.50582359271169,27.6616340162817,0.639566235476859,1,0.907692069626343,226,0.108285854103741
"19",19,1,13.119066142849,10.7059029309786,8.78182893016568,68.1090143583085,303.012276868257,73.1601707628423,925.821472266,0.481544502933241,54.5458500361525,0.867607611743733,0.569231992261484,1.12672188182419,7.27621578774324,19.0587093418383,0.635207425075262,1,0.94115360038723,117,0.0825314722016883
"20",20,1,20.6402266914604,10.4131985852992,8.76962668579931,90.0958869997687,353.217924326933,67.9448185845418,1908.56587817366,0.241003688646455,55.3579586297603,0.227784759388305,0.14813185124658,-2.86525774478113,0.350093693646976,12.0874959212745,0.857273856315954,1,0.591493208776622,214,0.0605822893073809
"21",21,1,17.3867228118431,12.0022264686205,8.87739119908279,80.6326985054632,395.861373948625,46.9748468020312,1497.26358010662,0.384708407949866,47.2444081259015,0.236832464206964,0.26298456559889,-2.30000483516124,0.497850274760214,18.8655550872353,0.799687572743748,1,0.624798288502473,318,0.111548259047182
"22",22,1,14.43738313204,11.4949039832806,9.11628180409314,69.6582357973438,339.668147791678,43.5159263022105,1124.50967467228,0.499148250450129,60.1505930752173,0.422678282577544,0.259865782945417,-0.668737025509227,1.93730725446612,15.7574360171683,0.695291973546502,1,0.76379182706541,15,0.0313777980331711
"23",23,1,17.6561652884808,8.74685032655372,7.44718723404511,69.3542852635428,365.906382398564,55.2042296583545,1481.06639256563,0.619181009079144,54.018485439298,0.50666804171633,0.141339950170368,-0.866128460395926,1.57478492486814,14.892659832498,0.795022519324432,1,0.697964363085065,275,0.127529238078127
"24",24,1,20.4293493983452,10.7904473718734,10.3325761579645,67.634251360685,396.954407528615,42.7193309933112,1877.81645281659,0.77740622695234,60.2326145860702,0.315753190894611,0.541680824616924,0.621909161173671,3.7083868892261,13.4149133568448,0.861429616803525,1,0.830649890927307,819,0.3295153129444
"25",25,1,21.7903869225299,8.21566409190885,3.09144553012523,76.1877863359682,419.533216029761,47.0704087964787,2032.62547071031,0.621783161917994,25.6818993039431,0.513746769749559,0.29429091620259,-0.419046493358774,3.47484321419009,19.8777506868232,0.889215539744951,1,0.691426646681455,270,0.130809051919233
"26",26,1,17.1390617367876,11.2616368201835,6.38886748109087,72.9998611109378,291.156211211905,53.4469611757376,1464.83317884079,0.527990949248598,50.6276913762264,0.274243769585155,0.55052770874463,0.519443928201131,4.87044941128751,12.384692994912,0.756217397883438,1,0.831906574383681,225,0.0627341724986548
"27",27,1,17.4854612344621,9.13458963343087,7.76171089875995,67.4658483671096,295.529929124775,48.5801936294473,1544.85355227075,0.650294744655694,56.1117437357224,0.596683300868608,0.384404842182994,1.27378868360169,8.43443670997326,12.7247251969814,0.766359407260451,1,0.945314525877151,732,0.396435399790546
"28",28,1,14.4736738296104,10.904277288437,8.32643246827759,84.7135921491114,300.264872496255,75.6529931072775,1104.92665326304,0.252065411001972,50.6082025839911,0.409909830382094,0.548187190922908,0.298905901426539,3.12578232715401,15.6853305643758,0.681678921458587,1,0.77560705815612,136,0.0587015516070052
"29",29,1,18.9201947096625,10.7359980903927,8.81295901552583,75.1485314640018,386.064595271037,44.9637649861823,1676.62804007991,0.543549501497232,61.4840463866135,0.319021940347739,0.10449754926376,-0.937178656257674,0.768624025525033,16.7789242738251,0.83039318736265,1,0.713829185756357,121,0.0532965441018671
"30",30,1,16.7200102480798,9.45922502067618,9.27867999128862,81.0626535956604,354.903077646963,36.8701276349698,1398.9332320999,0.360611873067376,60.7213155204916,0.83109314602334,0.343346553295851,0.560885657588783,3.9622302280269,21.4682288751533,0.769126092249378,1,0.889310747931193,183,0.0701351922890441
"31",31,1,18.9109002464824,10.931025235426,4.9829647252553,71.9594984000319,377.466752165442,33.0116826242978,1684.76968979546,0.612944044954911,39.0089071155943,0.462309728772379,0.275572291831486,-1.55492366686203,0.679993710593265,21.8692982807846,0.827362767042826,1,0.614846394300753,147,0.0529125590869508
"32",32,1,19.4096746744576,11.1487124512539,8.01534120879405,76.3995897067777,338.085308260242,41.5096905090246,1742.44453553673,0.53217154716641,49.2530529409652,0.751375760952942,0.486169469798915,0.882231172116463,3.00717941939974,19.2596843556251,0.827260499392572,1,0.792938470017052,360,0.0705254886098543
"33",33,1,20.0702070439398,9.53860001968518,9.04833604400077,83.2681864721981,302.692336185615,35.3842339530692,1804.91134671406,0.393069081668755,56.0412804176249,0.753891949914396,0.469222694309428,0.851460044649835,6.81483900933024,14.6349010737129,0.832045353023368,1,0.921103472976281,66,0.0574123603839658
"34",34,1,16.7821472491856,12.3444850166049,10.6526717431416,80.4057919634598,232.630904726385,64.176235112694,1368.92242572001,0.374595112831339,57.0054936098843,0.258463416434824,0.424840149609372,-1.49055374422781,0.807254816237898,17.4321154054237,0.724640886935052,1,0.695073540700043,232,0.146847936309304
"35",35,1,19.0099102465959,12.7854054134662,7.77286453113487,82.5302499433006,217.720907560269,53.7161165795003,1682.6052477706,0.384242301022332,48.088317485126,0.53393654122483,0.331341192848049,-0.236424570278072,3.39124427035689,20.8384442726839,0.781009448055543,1,0.817864389753043,63,0.0582713827168817
"36",36,1,14.5659826418533,8.67601748858083,11.1982989567937,60.3869594198884,440.673271477732,48.4298806935131,1192.32565305068,0.657108089794308,70.3931364436571,0.703099826374091,0.400446663168259,1.54390905347119,8.94864691787233,16.1586380255657,0.738842213819908,1,0.973514622833945,74,0.063066445057799
"37",37,1,16.431081983241,8.44526158654997,7.43694380214364,76.4176350503725,320.237679947166,50.4164251985557,1312.79318911413,0.440889469022474,46.5312114250206,0.399447226221673,0.461611121101305,-0.44613088540864,2.99247810759643,14.3501633127146,0.747911054949002,1,0.733252566775908,318,0.177266381771754
"38",38,1,16.298184811647,11.0270771578176,7.90020372217899,73.4655371044219,353.493314394129,36.3908527648918,1339.62550859615,0.491899877687845,55.0048269555188,0.305331940017641,0.448749390221201,0.634374379074839,3.18836386038982,16.4716682093541,0.7562148741709,1,0.806938299197293,565,0.200836161993046
"39",39,1,13.1715847001067,8.17337552391746,8.32042825464225,69.7984103199214,361.669621136048,85.264006280387,995.673761798367,0.457602668071509,47.1701023886484,0.424923655041493,0.568936588265933,-0.388421776386952,1.43421524528322,21.7435139382472,0.663911165577712,1,0.717590989481541,68,0.0447787505322517
"40",40,1,18.0722452137845,9.1011523894994,6.99523887518934,70.51442926992,406.779274207299,62.1315458672157,1535.87004242052,0.611549165310651,50.950014354003,0.630976180778816,0.525658187828958,-0.085789966809883,2.30245593876752,19.4431512653183,0.817564537440932,1,0.766990425906379,168,0.083619249503174
"41",41,1,18.4119972004005,11.6058653982072,9.43187609755238,88.4061263463995,358.008124601571,61.7621062827005,1578.6588807351,0.245646406551871,61.1342394303404,0.895607240824029,0.117008455120958,-0.629112531403438,2.29156538820032,21.5746015629726,0.812751679567401,1,0.83205009200774,812,0.358803242040042
"42",42,1,17.2778854029027,8.85304629803779,5.30842539367358,78.4442768035139,321.58222021763,52.55354736193,1442.98516403834,0.42524336010055,51.4804971156504,0.569429818144999,0.206928722932935,-0.221532702397117,1.45105147357783,13.7425229691091,0.771682768615377,1,0.66079892090787,161,0.0684639196741396
"43",43,1,19.516326471399,6.14374966430335,7.9887128693957,73.843147037142,364.572530969273,52.3879647729615,1718.48015125915,0.593740710380448,48.3694149572706,0.373435503407381,0.561104361340404,-0.115196574114763,4.21002260855613,20.3878979098782,0.836558921143317,1,0.849857535924362,841,0.399750831138325
"44",44,1,16.5465903458468,11.3287816676443,6.91891490052093,82.5122056971528,340.83820352764,60.1702715062006,1396.37772586334,0.329358789836738,47.0300662549512,0.635621129302308,0.44007050388027,0.580804304048637,5.1337693348195,15.4574234316399,0.759600516973693,1,0.84863100786701,379,0.124640067167364
"45",45,1,15.2634379111614,6.79491955241149,6.90585251830064,70.6360260038137,282.280704445442,56.5155799937698,1291.57115590683,0.50948061671673,55.195983900027,0.717017507879063,0.482793782395311,1.50161859375517,10.7026620148223,18.0587702172566,0.69713625697154,1,0.977458915355253,83,0.0480320082499738
"46",46,1,18.8656360517774,7.2907994850923,10.3028907740889,76.1108029057252,377.509515577936,61.7083164534614,1680.49437022605,0.520725847949313,63.8598944589893,0.560359510080889,0.128653549263254,0.142391205070974,2.38485497555991,15.8324888524234,0.826931644947859,1,0.805789163427922,197,0.0510568117149186
"47",47,1,16.3772136476267,3.96413464116421,10.1044393638918,86.5748985068204,329.866481008626,43.3314836231848,1341.01653724728,0.250132661916584,58.8710066941406,0.83022346755024,0.558558741258457,1.18528525280959,7.38714722173198,17.9066192729751,0.751440486011371,1,0.946728220229123,143,0.0541092029034088
"48",48,1,20.8882025234425,11.6624756444601,11.1960530574053,72.3389753107957,317.917645942218,69.0727461776825,1889.8737484787,0.683444951279298,63.8289765042503,0.689473659358919,0.242583917127922,1.08934444278653,5.23108324294988,16.0003304406405,0.85090640440373,1,0.907560914096967,90,0.0501022177017481
"49",49,1,17.1371075947733,10.5021941776947,7.47240641378308,68.6067498218943,264.755371077534,27.8991165875185,1423.88480544917,0.613822829857143,49.9725889623947,0.299745036126114,0.474718684935942,-0.543030487034169,1.66169452176068,19.109359286349,0.745646001694771,1,0.721749028263701,766,0.350019386006102
"50",50,1,19.3112957668044,10.9245869318827,8.06480157509383,70.6136580389407,388.883308978233,77.3901570971523,1695.76167148681,0.658596783056958,57.7593376499668,0.592125545302406,0.41094912730623,0.0601647490600068,2.5896711390159,16.8265087665975,0.838636410277025,1,0.794294196832192,463,0.15661535097247
"51",51,1,18.6438505304079,11.6895844464465,4.89683338462818,66.5936303638447,296.607193398222,48.7675918367267,1616.48505835092,0.718151767245311,46.4334559262577,0.44995890839491,0.36818648527842,-1.16922546688675,1.37751900295127,14.0977732741882,0.795932879078037,1,0.625075563817197,469,0.139603075950176
"52",52,1,16.4323221182392,9.91605695135688,7.22364113995095,77.0212999282666,314.044204203357,53.1059923575609,1414.28379532518,0.429637430173509,51.2031161536799,0.733569916710257,0.111124016018584,-0.886948564136254,1.18783721548586,27.1928106768731,0.74568910111905,1,0.777660607629144,106,0.0439403017653903
"53",53,1,21.151455039584,7.78884818859994,11.5282962443603,77.6228948319624,318.322036257967,49.1276150638615,1957.40347042377,0.561902164290275,60.3579638365965,0.662649227585643,0.585739545780234,0.98623049973359,4.96609578528728,19.6986518247613,0.856545096244004,1,0.907669034667807,963,0.474976246362949
"54",54,1,19.2857986114346,11.1275513046617,7.16694454487256,81.845379203924,316.580666907763,37.3542198581869,1662.77021218266,0.406230043437856,52.8888647998985,0.606469444488175,0.400378287560306,0.420927681461743,3.79019619846083,19.1982570467215,0.81902888571696,1,0.843385616088889,11,0.0674739228931078
"55",55,1,18.1795212931992,12.6067295116393,5.66732262242122,89.4140981730199,353.339541004907,43.0026908069147,1606.32821302798,0.221042708923518,45.5574613678796,0.82148705990985,0.308677433314733,0.0532118775669015,3.40022667934621,14.4689679683443,0.806084420136574,1,0.752173897495951,298,0.0880084442924449
"56",56,1,18.5531014945829,6.99955812441068,8.08378913237021,86.2419264939899,374.115430339611,72.7467354364249,1664.79543860392,0.294088523766837,44.9947336589766,0.830429384019226,0.277875747089274,1.30019683950325,9.91978214906539,21.1905592410912,0.820454904600709,1,0.967242098252502,343,0.165821400200511
"57",57,1,19.3585776321105,8.78602152976193,10.4929782605191,64.9936656469147,352.197385294042,81.1094209194434,1716.08898971615,0.786861757651897,56.7015917815918,0.810541731421836,0.11149883272592,0.819344488321325,6.36041177458343,21.6171901269935,0.828737635381149,1,0.936435814556068,283,0.0875546279776345
"58",58,1,18.1796657731582,9.41550986868685,4.84405739158331,90.992870835782,231.72883170411,34.1487985260929,1622.32471721399,0.18807828789246,36.0964929279333,0.533111202996224,0.11422851823736,-2.07539336134067,0.764073556547991,17.7400151258009,0.765466029780982,1,0.549615581844075,96,0.123571217055025
"59",59,1,12.0138198336941,7.42063331335279,7.4923590564218,76.1142279007372,175.438435503886,55.3287319234003,851.89555167896,0.335428417378905,57.1433407385057,0.531362504931167,0.360305627598427,-0.531344520145284,2.2699251735817,12.2798886984536,0.534826691170023,1,0.732877695245721,575,0.198330174323612
"60",60,1,18.5697659070613,11.3882116975494,8.93566108410123,71.9066471724822,298.098957333228,41.9355998552712,1647.63899428468,0.60114201737237,64.3767376298427,0.33748931423761,0.406447567418218,-0.0929590032461688,1.52462129453853,20.0494306944431,0.795372144337892,1,0.800777374264909,365,0.165547407836978
"61",61,1,17.2655307145181,8.80163619420576,11.9550599889117,89.8450855235478,309.12389092195,51.3547454878754,1462.22736420629,0.200175956158815,77.636606274964,0.649520272971131,0.11309725351166,0.121780988502229,4.59199729939103,24.4552593688299,0.76853729827441,1,0.949283700204869,109,0.0737416610760769
"62",62,1,18.3704611297312,12.5138132879433,6.76878841031275,78.4308430758102,311.056223440351,55.2280742690388,1647.66120540826,0.455810440131805,60.9894496178365,0.440874240361154,0.147161603462882,-0.91502149854976,1.75565999706641,16.9997391542317,0.795670163495414,1,0.769655756642211,191,0.0777781130582943
"63",63,1,19.163647454731,10.1070160272547,11.0388432024222,88.8463211167182,236.437118368436,42.2372150735023,1701.24971820381,0.247684708876456,59.3536606488877,0.604033849854022,0.559397993516177,0.705652338542438,4.0969433373412,16.7058603226444,0.792080816875802,1,0.863537307195664,200,0.0615727700517415
"64",64,1,20.7994736545854,11.4561850353437,7.13420961287638,74.6518106068854,279.238445337303,54.309519536229,1887.84543165787,0.62289148809587,45.1379501923799,0.511547803971916,0.474738014535978,0.256647799357593,4.98142749264106,17.6598043775486,0.839361135192893,1,0.84961146576864,280,0.111124134265597
"65",65,1,16.5454158810511,13.1221961364212,5.93796458387657,69.1513135348999,210.852921883162,75.0211249526875,1399.45259378945,0.580949602661521,44.6897533275406,0.623129567108117,0.137690576165915,-0.210177545268884,1.4203085114762,23.2768473242825,0.706880290717272,1,0.717202578247895,160,0.0984661116807128
"66",66,1,20.6050852640883,10.5312495071944,5.73133100335459,59.272287390235,478.338933108929,33.7859491312029,1869.28889052671,0.988912654177495,53.5543153556069,0.25581233734265,0.257079077675007,-1.15599520078113,1.08828888491712,13.5002445965248,0.881622381068501,1,0.647513736647853,290,0.102678874486409
"67",67,1,18.6716962395042,12.1534525184145,7.55780374924494,84.0149225215082,352.796496693095,44.0322334306644,1632.92158610363,0.344237496351941,47.7043293655371,0.497490080981515,0.542420732346363,2.46902378918841,32.3850216940992,20.0081953953757,0.81646489043852,1,0.999960809859077,416,0.139383009070693
"68",68,1,20.0770121973952,10.4213958633585,7.95517060219211,67.8953248925271,319.630763664236,54.4581322466511,1831.02422940965,0.754530835917978,50.3233193640407,0.238306742254645,0.165104056498967,-2.09711893809762,0.616520948073899,10.8211849752036,0.834882288916848,1,0.558657437863288,622,0.36119627513108
"69",69,1,19.8414571365813,6.97665294835526,7.35419634395206,81.9708740831359,206.591631928502,55.6014358889966,1774.94539572172,0.417588664750527,48.3286868673506,0.222132750600576,0.217588944733143,-1.93566819213412,0.674709598843338,13.3195463646621,0.797815752752729,1,0.578897900607534,192,0.0647558759829624
"70",70,1,19.4417563257337,10.0448045198273,10.1044463194511,75.9591485329307,303.99299773009,51.0137672231453,1720.3306002517,0.543185653577638,58.9267879081437,0.341511483094655,0.372654549684376,-0.214601898003685,1.293932984543,11.4446843728433,0.817950325029519,1,0.674414048580879,99,0.0577818952385898
"71",71,1,15.9137621228643,11.4362724120842,8.3790823313904,78.7794795584272,369.225860611839,55.1995104574204,1293.38636207336,0.383855290131119,58.4367304989572,0.47484431725461,0.280495599401183,0.193579856215761,2.16893650910389,18.036865753143,0.752159279959037,1,0.786780333016029,108,0.054529345176612
"72",72,1,17.8196272267786,10.9789140356845,7.78834478226825,85.1331192785605,366.691612402976,47.5314294079912,1496.6499300502,0.303487321212752,45.8043399449313,0.708293942036107,0.456784208212048,0.845784982446776,4.11935594886548,15.6507766163455,0.801259962597335,1,0.800987198592939,473,0.262957814489737
"73",73,1,19.2470363239991,9.65222330824346,6.79489105493457,71.1174689684248,347.245521411354,52.8497420987866,1757.85842119686,0.64472134772249,50.2766147170142,0.62934679898899,0.565737878461368,0.921619255793227,4.78796196886188,15.0032051264072,0.825743758511344,1,0.844860562347995,1116,0.655545771958314
"74",74,1,16.0929532844553,7.5646010226632,5.40796813747592,71.3077313105253,404.603130383101,48.969520472916,1311.56924840696,0.524985117581557,37.4510541923875,0.886603138921782,0.54419754750561,1.53257261791986,15.2093294730925,16.7381422817101,0.768907008835349,1,0.989262714067998,61,0.0622143653475282
"75",75,1,16.9143423708523,11.2927967374189,4.0813467225869,73.1459333017699,211.336153694211,63.746753115414,1418.31002922344,0.517710639403652,47.4213714230734,0.653997045336291,0.441757256072015,1.34836090939412,7.66308910614597,16.644975126632,0.718920904862444,1,0.927829501242576,145,0.0649790123027415
"76",76,1,19.1619929953634,8.16708794330422,8.42682346104234,83.4828301795055,253.852895534781,60.6582442214318,1702.04145054009,0.366751520752955,59.5924584264008,0.483969455538318,0.391535580414347,-0.379931134086213,1.63736596350486,16.8989998913967,0.796949189618735,1,0.754717617897512,255,0.133365852708997
"77",77,1,19.5363574756692,7.49635311514887,8.05067174022247,71.2017143639898,318.849927720987,49.7136547081129,1724.89115815092,0.654513297647985,55.4797390557593,0.541690593655221,0.142654227698222,-0.928908037792009,1.24180500983545,22.6673864418533,0.823751350335798,1,0.76319977944074,351,0.152114973454263
"78",78,1,18.9275351770803,11.189855436811,10.7300463757199,73.5959177523383,328.958223180803,69.6969030961716,1610.80950001345,0.577772841784517,61.0335042408405,0.271537068998441,0.213691973150708,-0.62956259689957,2.39513795353183,20.1392247424013,0.813654872691761,1,0.825851666636383,312,0.12467665137974
"79",79,1,16.2284474051806,7.53437866962035,8.58218761648971,81.3705959927132,288.054087784104,52.5557923370676,1360.87101028408,0.34382296841763,60.8683516900952,0.661062933364883,0.314853740297258,0.934775273334135,6.44829860904327,17.1534728560506,0.730393977752501,1,0.932024628005891,37,0.0508697456953841
"80",80,1,15.8004382027043,10.4887288298123,9.59443540225218,81.2299625268246,391.870767572213,58.6822490830068,1311.75422910028,0.337077295744639,61.8701564196262,0.386732166423462,0.146303306473419,-1.41410340628322,0.785737507484692,19.0866858549274,0.75773915271706,1,0.740036877996711,113,0.0695091690721759
"81",81,1,21.0254140196099,10.0055443706872,8.08197274875132,81.3744205299688,197.444253866318,53.418573124965,1915.66601516321,0.464094677921175,48.390764162504,0.482073440332897,0.284866774943657,-0.700146071934188,0.802463867220962,17.7443785560032,0.822026332250993,1,0.640994004091468,19,0.0298799956014504
"82",82,1,18.5158428750641,7.34358062794887,6.36335190074822,75.3924125826907,259.141348111203,40.8131020160402,1605.56477379218,0.524778841977983,61.6860035382862,0.472004892723635,0.598394039925188,1.4477806439236,10.7016114454933,16.1035157237236,0.781540780778938,1,0.979492407971272,22,0.0241573544262647
"83",83,1,18.1768804583192,12.3593928236655,8.57928128632885,81.1009034786786,416.235093282991,61.0104519954594,1557.11516455602,0.394563913766846,52.5723947984976,0.229279842670076,0.193337078113109,-0.717601015220797,1.37724277089853,17.520941998562,0.823932287319609,1,0.703994347202342,359,0.149349010203016
"84",84,1,17.7582069249218,8.81439000170214,8.67957422260223,77.2879445570912,373.541002049422,22.2424720620327,1589.61896250483,0.461845970216699,50.9210717320156,0.821154627948999,0.323031301051378,1.45119129279222,9.35192564423257,19.4746846182299,0.800965421179841,1,0.96466626661227,74,0.0871875558821409
"85",85,1,15.6113422096789,12.3999566326733,6.36521453847313,69.9374796947774,228.937666301722,35.4718274034415,1264.45444187461,0.533374258362294,51.2741133189538,0.497989581804723,0.469573264033534,-0.290892203043204,2.06816743387588,19.5856815805045,0.685301035013182,1,0.757304474570767,43,0.0449767017172833
"86",86,1,19.2239937960808,9.04993264077573,7.94250136954384,89.4350758464088,369.411696569129,59.4143970357543,1705.81711491339,0.235494089354748,55.1639868212647,0.461942924675532,0.164843083964661,-1.77749475426279,0.613367813608218,16.3433725817179,0.833827854430886,1,0.658383444303578,26,0.0786750762836805
"87",87,1,17.565720308507,8.84988580769837,12.001563302224,60.095912215886,341.93373488051,68.6041644407216,1511.10212845489,0.801655804133577,66.762363794639,0.513764997269027,0.597911095386371,1.21587913311845,8.22879046807168,16.3011427027998,0.783581201573004,1,0.963965030946007,71,0.0706780915420292
"88",88,1,17.6344865873362,9.937547950783,5.74146787343076,81.7642270497044,240.144699901407,27.3964541430455,1509.21977453399,0.367941201638692,40.0788631230781,0.373019998823293,0.499692549137399,-0.054943365880542,2.79896950827844,15.4046166682486,0.752267927894027,1,0.692596759301182,484,0.247258212373765
"89",89,1,19.8666926571423,9.28388600804309,10.9443571841394,77.7333414631568,341.574569268062,67.7389534056933,1855.70522007495,0.516545142784534,63.2942917427763,0.206100397650152,0.167756967036985,-0.91504353720169,1.31345274777241,18.0036691062747,0.837873634710821,1,0.767285759036957,93,0.0920040227019601
"90",90,1,19.6435462210165,9.28679784470454,7.5458621670302,75.1822208491478,373.579676599322,29.9871716095575,1756.87657621,0.567813390849238,54.5743357648259,0.456475737830624,0.456825971743092,-0.82935371991478,2.39024679821503,18.5920344272936,0.841706270410552,1,0.783113902234181,137,0.0644011192958874
"91",91,1,20.7842327518685,8.24467123313255,10.964621192484,70.1088000924268,260.294060246041,41.0551955897643,1861.43614802447,0.733840328618808,74.1125431924234,0.773435150180012,0.308793523255736,1.68854320971732,7.82534791428102,21.2325799367618,0.833254361105635,1,0.974234349897798,310,0.128602870074757
"92",92,1,17.0476521538907,7.57420574964407,6.31389365102542,72.915785820202,351.180315355147,30.0576175244543,1455.13133396201,0.52657808539734,45.0343499055299,0.553322330745868,0.261039158352651,-0.531209860108271,2.06293896867164,15.9307037716901,0.775293285590399,1,0.682751889331801,202,0.0874316249464453
"93",93,1,19.3006971214526,11.2265732373741,7.8676093450882,89.4453625171443,245.855993103003,47.2682987207418,1748.95529667517,0.236390990500626,57.3026663876794,0.294188269134611,0.598138032504357,-0.170787729656722,2.64611473567442,15.1094296438803,0.798566817142226,1,0.78046631446716,141,0.0551596381450986
"94",94,1,20.78222091278,8.38759331707504,8.62246699671573,74.2240058639708,351.783612459324,50.7370781695599,1863.29967148404,0.632732134639119,51.5752919808481,0.89932332530152,0.47129902234301,1.59483577887405,7.96861976769146,15.8313621536635,0.857611391806741,1,0.93874007753477,96,0.0677191838469928
"95",95,1,15.7784222411042,7.24708614018221,7.77481954339317,71.9241064017195,261.017496742644,56.1811464742012,1343.53692316365,0.503484625360388,54.8345516120048,0.710926513443701,0.391468047886156,0.17109257003846,1.90366447744084,14.1385807748617,0.704466575673768,1,0.715666194564024,139,0.0625485972389564
"96",96,1,16.2784148262443,8.98430420167291,9.31747767788529,67.9731028599599,297.455270944745,43.6646968042235,1361.66528327087,0.592971893190912,53.1469569245422,0.862073779175989,0.157473811320961,0.44271490430743,4.40177485954042,21.1384049922946,0.733597832238594,1,0.877810907009589,358,0.159414965322201
"97",97,1,15.7365226382925,8.39812902652533,7.66627699978102,71.0353718245047,257.495876930006,49.705195103983,1282.92672460327,0.518031377225141,43.0107858191404,0.617009274801239,0.282575263315812,-0.461044417744809,2.29312197969597,13.7713500484372,0.701562381666647,1,0.660792458121456,79,0.0670670997867109
"98",98,1,15.0815720009952,5.61442862865986,10.4177469303203,74.3256603714044,361.86004144581,54.5452463800076,1235.80930304109,0.440285172548836,49.7187314540885,0.697879530349746,0.424641656596214,0.787962566856423,6.34507140116792,17.2644687454113,0.724789393816529,1,0.90536465817596,342,0.125180448945555
"99",99,1,18.1599651064823,9.41812570146465,8.34083886776845,64.13822346356,311.333071794838,35.4136648481737,1537.1119055908,0.747905664353181,59.3586743978764,0.315975811821409,0.349095595325343,-1.3542405719519,0.98802683048246,16.6808033950572,0.788639596751456,1,0.713247385505808,87,0.0894737159805043
"100",100,1,19.3064086792984,10.334348242321,9.38483927248949,84.1415825341366,349.912603828358,39.4826741957512,1761.23808388498,0.355305417837755,58.535084167003,0.863526580506004,0.271155485091731,0.184643673630958,3.51965689444767,15.9243374031418,0.829427360695699,1,0.833156668354102,236,0.104807830291422
"101",101,1,20.401930751197,10.5893847129714,5.62890612688244,75.7826162995775,357.040202592608,70.6764785091064,1830.47780808377,0.580704019380439,48.8128423834007,0.616889610397629,0.12379781845957,-0.0495194066666949,2.58518061522202,24.0819615156534,0.852096765646552,1,0.809079107829239,19,0.0788763376716035
"102",102,1,20.0895021743355,10.7854825308415,6.68322141860591,86.7201682287741,319.727531511469,5.70294029624362,1784.19020831602,0.312346649190926,39.7485052982218,0.274901934317313,0.485350425494835,0.891023272541077,5.07317410509676,16.8405789826706,0.837587524834587,1,0.825841396047402,633,0.142056326205879
"103",103,1,15.9935827063203,7.99831257399837,10.1790158975831,82.9234868217943,314.524618394613,64.3375484452911,1303.40682799865,0.310474343643971,59.8102756325041,0.829289666307159,0.321255078096874,0.558085177048003,5.30166159612042,19.7660654953976,0.73412785529411,1,0.914753691214159,42,0.066435216855102
"104",104,1,21.6969638033455,9.34854576035313,9.01757188232132,86.3150940057782,343.99756248892,65.9005135238078,2004.56677855986,0.35530646551131,57.5426127323849,0.268079865397885,0.379681213549338,-1.29185114128084,1.09964751499788,17.4959086591093,0.873064176842181,1,0.717271644513259,168,0.0498551414950414
"105",105,1,16.6664531824844,7.98330238914231,7.72818674879915,64.3128178454933,355.334099392946,70.2644084899784,1371.57891739782,0.677260255144694,61.4404245885835,0.601034816773608,0.169503313279711,0.139786689622325,5.58174267437338,17.4265749083247,0.765584742883091,1,0.915989590395633,160,0.0861812397831421
"106",106,1,18.2110276249121,8.72913703593247,7.78243452608621,79.6366691071461,318.987317636791,43.9766638823201,1510.35420613205,0.426045690737944,49.8596456492806,0.811098607745953,0.437090047774836,0.875448869178693,5.07558366059935,14.3201342712973,0.794552241288653,1,0.849983440291246,139,0.0543240391762603
"107",107,1,17.1554882362623,7.58031862402532,9.50980032090928,72.1054302856108,345.122250925318,62.5998047028099,1463.02993428159,0.546049124459112,62.5311670793928,0.470599515736103,0.153162414231338,-0.493992014367556,1.25757354371821,17.9571048484179,0.775864267055848,1,0.759704900159215,22,0.048945631201323
"108",108,1,17.7552996560901,7.76707239869462,7.55237735676007,74.6251804027857,368.04367787149,53.2315888659265,1556.39706053393,0.515898353895975,52.5140018775587,0.643853434012271,0.347179410303943,-0.795415683184754,1.24729327922325,13.8639088388075,0.798789586310039,1,0.655386916312167,98,0.0672690300442111
"109",109,1,18.376386069003,11.2597623251519,8.14991034187985,70.2041802287058,360.793586229672,40.4303419706263,1598.86817979387,0.629894413163951,59.099411578095,0.561133797792718,0.393745222385041,0.441504703022556,4.22115042976938,19.3497756365626,0.810436557705602,1,0.881510885823704,244,0.135805320119242
"110",110,1,18.238321915994,9.45495685964275,4.7080903957,76.7208359457827,398.579835352372,58.2927197307603,1600.56335054705,0.487886445311191,44.9517692206447,0.826587664149702,0.307591641577892,2.02053206953925,17.1225791921624,18.8114063305149,0.819563431111941,1,0.995618169020657,916,0.438042198995258
"111",111,1,17.9498148982652,9.48231766324266,11.54801873031,75.7490518838323,206.527131267855,55.5552623748613,1576.81161987775,0.499123083055433,65.4234770072154,0.463110608537681,0.214347440889105,-0.608581560825476,1.7237191991201,18.3032721703851,0.747545016011596,1,0.801386667293717,210,0.12096096149271
"112",112,1,18.2161454558841,13.459116359783,9.53193583195315,58.0413246789492,340.694440080137,44.1646434870177,1556.97525575144,0.878149879127802,57.7703763907862,0.57830790001899,0.132330285524949,0.146064506966116,3.45210301569306,15.1435934590361,0.798779674772831,1,0.821408851287125,26,0.0625325912108794
"113",113,1,17.0291295283067,9.88321566918526,9.66457568602151,81.8195447105976,329.285759398677,43.0986072705313,1494.62314898821,0.353054432889976,59.4336027510288,0.239524552039802,0.446876452094875,-0.66354994670438,1.74998026508747,16.4339448035446,0.768314582729355,1,0.755783420575812,78,0.0455362693775703
"114",114,1,16.9915657386242,8.92587243078216,4.18908495505376,76.2349965785061,274.013496084466,46.011707099191,1414.51353338526,0.460406073978252,42.9965158663888,0.232697786483914,0.470268536033109,-0.0583940990555634,3.36994487521026,14.9406057002115,0.74618077773695,1,0.740373210652939,653,0.233304513001219
"115",115,1,14.6778018401704,11.4945733923315,7.95832664761117,67.2251068783567,274.825097400679,57.5216204498235,1162.85131636229,0.547615580268974,53.0171591075821,0.594720425130799,0.436230996879749,0.122048437540271,5.30154873178187,19.3633471481776,0.674677071275224,1,0.895589016988161,33,0.0211624216621379
"116",116,1,17.2353325462524,9.02548432922053,7.18213217510356,66.1885773126149,351.456240539262,49.2147075951558,1522.78994690215,0.665226595476387,50.8110154602459,0.351776535646059,0.552400551526807,-0.305232205020923,3.05300160435114,16.0712265728568,0.779301983332714,1,0.776223424522419,34,0.0428674875208653
"117",117,1,16.9746994842444,12.745815562959,5.24722738684641,69.4780408936232,298.674482125985,29.7174298479609,1443.97608131163,0.590678703618267,49.9920735516737,0.324377311975695,0.422314633755013,-0.272975299832236,2.53759883024972,16.6256292040367,0.753975126985334,1,0.748818964610021,208,0.0922614797182621
"118",118,1,23.4037820006896,9.24465527870756,9.45486074878651,62.33092062231,304.384010172733,54.6286779515857,2207.59014700753,1.08476752916119,57.434484432439,0.874809966096654,0.587694426788948,2.02876021538824,15.2016346937898,17.9425262184631,0.888543043870151,1,0.99440711394889,187,0.0787392109782175
"119",119,1,15.2757675376206,8.76769477176321,10.4682615624742,76.1021285321107,350.432486601906,44.4950539427952,1199.03136468125,0.414969386731323,57.2275770159552,0.240187004487962,0.376210859650746,-0.156996728857929,1.75653359980433,12.2837527693328,0.726240516882794,1,0.702237406296388,216,0.0683373721755027
"120",120,1,18.2745124371172,7.66374989785063,6.89355118824507,87.0187516397026,388.592312633098,61.4122288479242,1558.22015812622,0.272680511642566,50.2080297371652,0.239309959416278,0.54883170677349,0.19037703368688,3.82180452293309,16.1766001098039,0.818683623367316,1,0.811779141059794,285,0.0874286798271899
"121",1,2,15.0127498653674,10.6572807171822,7.54161964414253,76.5430526971862,444.009051097652,31.8683256278328,1185.10975665994,0.400481731984892,46.2841677358253,0.218157066171989,0.449304153700359,-1.25524295559602,0.656460917055018,16.0608125672009,0.75471350384797,1,0.595922500420213,155,0.0769749569813321
"122",2,2,15.0591285171264,12.9330212548803,11.4229239778445,79.2172378761906,366.191980585123,21.3716490196433,1194.08824057749,0.355885973019012,72.8623881408195,0.462322189519182,0.594675010209903,0.252097876903332,2.86516388115321,17.3346956798311,0.726516082036811,1,0.871261123833745,384,0.138686000919613
"123",3,2,18.249404772394,9.28798090982217,4.70038419340597,63.134349670381,440.119876730406,42.5337592096269,1639.8031507023,0.773170601667663,56.5853539562514,0.446717760502361,0.166601078375243,-1.08705562906316,2.11645549983074,13.795311543619,0.830154643465051,1,0.735413139974113,335,0.0657115914919564
"124",4,2,16.0067217302319,10.5229352837549,9.48844157087564,62.6863942135247,396.297254523666,40.4443323405448,1303.91268208465,0.678981924711078,58.3392932071055,0.609724962129258,0.59612771475222,1.31928191836998,6.72006149696057,20.9857502258119,0.762501558595558,1,0.94350687790196,96,0.0479586803097684
"125",5,2,17.9963547713906,10.6666577103515,7.37195735203817,67.8285369046854,340.011214751018,60.1434789804573,1525.19600521548,0.664080723055832,52.1510349561313,0.715955833345652,0.150059337401763,-1.05664396511416,1.36473699974474,20.4269422632729,0.794605364754028,1,0.730133354174116,135,0.0680811898966269
"126",6,2,17.1434822371484,12.8443864806191,7.76937831719109,80.7685598379858,335.244360565432,21.95883454613,1478.49660820448,0.376178364692553,48.3995594512112,0.477594598429278,0.374792173062451,0.421410025699646,4.48301591084523,16.6669716847568,0.773286747913607,1,0.83620253303413,24,0.0650045686987531
"127",7,2,16.772656787101,11.3277532013323,6.77805131445572,67.9239844425076,435.854856327675,33.9717127061622,1417.52585523864,0.612848535129514,51.8703264120122,0.244907140103169,0.207447080779821,-1.4432480954705,0.747011709970679,18.0546245782688,0.796262140584205,1,0.664395569768661,205,0.047413991063261
"128",8,2,13.9506443091618,7.85268968860938,10.1933907580381,79.4687882056684,259.22420795528,48.1099187609847,1077.47789491376,0.327270320696439,65.4781261478522,0.696496319002472,0.439168871869333,0.769336155077348,4.16225803687118,14.1564219222971,0.645188131399843,1,0.872232330696296,73,0.0571689968195277
"129",9,2,15.55050409928,8.60619645066652,5.74566477783248,73.2500999612297,323.866666423592,38.95573372357,1310.91689709611,0.472754411908855,51.1405495011908,0.36151092662476,0.535994779225439,0.411687416944184,4.93281859500452,9.93280293401026,0.723401775011614,1,0.819165251052174,88,0.0421067466183879
"130",10,2,18.3590328822359,8.50773908613088,9.92521898487659,78.0689878590928,331.542433481471,47.1313728622327,1633.78104465014,0.463125392092869,59.7373746181005,0.8482268092921,0.58730246652849,1.59568283890049,16.9970610259927,20.1581594931614,0.801932218154779,1,0.997265715675536,615,0.28560436599411
"131",11,2,19.1352411888471,10.2831457442644,10.8129280324638,66.6870391180253,179.598532243716,32.0254960492295,1731.46279127725,0.738457564893516,68.7316215790504,0.671025874372572,0.34182494264096,-0.14215833140271,2.55897817412076,23.1159236478466,0.768514988525215,1,0.879259693271467,322,0.102629403102651
"132",12,2,17.0142452928931,9.99210555853869,4.7167009822006,67.4080620114334,298.894045938066,37.6361807224089,1434.37432243924,0.632320880783129,52.9842765047434,0.663208727911115,0.393556739808992,-0.0142488138539567,2.07806823092585,16.5428106440905,0.754846903087817,1,0.738867235560711,89,0.0546181009760942
"133",13,2,18.0001257681307,10.7358750021835,5.74619161490154,74.1667123681324,340.795456320943,36.2070099323815,1555.00712824551,0.533375074729941,45.6808392130329,0.269225500151515,0.317583259916864,-1.39217600281631,0.891828070143554,16.615130367883,0.795804352202857,1,0.615083147832464,10,0.0383775117806546
"134",14,2,20.2457792867599,8.68531417060551,9.18309096100485,73.3303111782087,150.263536477613,23.8419748441715,1826.97004928681,0.633370920676758,59.6841423832932,0.556086022197269,0.131570267630741,-0.546584103593657,0.910983032230451,19.7433764989135,0.78785751869927,1,0.740964578337034,169,0.0493051007408281
"135",15,2,20.8797114859524,9.2473066596779,6.08738176098813,60.6901584379826,342.072362215071,55.7455613639265,1880.77042996466,0.970755490702434,54.0350214230075,0.853638292499818,0.305987115157768,-0.133462109330057,1.96003038367091,22.1547999577834,0.855359590660483,1,0.788648776517558,467,0.120902919723586
"136",16,2,15.8057724631884,11.4827201208502,6.61694022730721,79.296675368692,302.870956032894,41.8839586510648,1261.00779023678,0.371922673683695,48.415010107963,0.452441638568416,0.383253549365327,-1.05519364459891,1.65153897906125,12.8854806529178,0.723468221184217,1,0.643866565048919,13,0.0432500587099423
"137",17,2,17.7653608794996,9.80078648710306,7.10929446529728,59.4024314392573,346.563995627177,41.6608835324773,1543.64386136939,0.825917104608106,51.9917275065246,0.34561975391116,0.370502938656136,-0.0810099949960188,1.64523124357019,16.7350150402363,0.789995026980074,1,0.708905020354704,219,0.101312293685348
"138",18,2,20.4029968018394,8.69142024278581,7.31103154334686,71.6781243075743,363.060267802752,66.6343779691627,1842.93610692614,0.679169527191441,46.4019196307098,0.261607772414573,0.289791116747074,-1.63333356062559,0.753574839638716,13.2306511854372,0.853134908828775,1,0.569463503914689,756,0.348477515535796
"139",19,2,17.0605408388674,11.9423287481225,9.40739637049224,75.4410373647441,405.433705179566,60.0161539225515,1447.33055270289,0.47787150291603,53.8209548123373,0.4238261989085,0.449896917468868,-0.409173897018971,3.67463547423275,16.3768488435015,0.794265890613601,1,0.822862336885376,147,0.116073365233111
"140",20,2,17.895061030122,10.0269926231368,6.79398847041148,69.3840022472898,218.87653063176,39.5948144545703,1582.89034224636,0.627958988979132,38.4387982976431,0.563196287793107,0.304422725480981,1.2456208469364,5.29834308631171,15.6628763489183,0.749677655513996,1,0.821392541427388,531,0.20962328860367
"141",21,2,17.8277854035258,8.16693066595691,8.17870082482936,63.7692877394082,322.503758973925,63.1998920706797,1518.66949726135,0.739981138100924,51.0858555582905,0.82039393093437,0.356429630913772,0.562655422637456,3.53876524547136,18.5563666094526,0.784075428176253,1,0.820836268430495,295,0.0941933958298283
"142",22,2,16.2246419641871,13.4193771225233,9.47498927443981,71.8094085528598,282.023370178981,44.3153996421722,1405.86529603306,0.520157348315544,55.7856840833159,0.643095975765027,0.513626068504527,0.513985824225995,3.93867889109326,17.3016900745217,0.726499976137415,1,0.848162154705455,604,0.264120932406206
"143",23,2,17.1106319902305,7.66379802010669,4.91924111085646,74.1166256034816,321.805954785912,43.5312705109443,1440.0185261399,0.505242290508723,50.0892774669559,0.694256989727728,0.518285565916449,1.26655343979528,10.4980438386405,14.7950303452595,0.766740530629021,1,0.967448633836936,275,0.0931389818311629
"144",24,2,17.9411102418235,6.43792747969495,6.62073541470238,67.6073723898128,312.251385436077,52.4966704952302,1576.36346752074,0.666326847541501,44.3894351718941,0.567732595978305,0.268750153854489,0.273562320181411,2.91829972682833,16.7052375909919,0.783980629901931,1,0.739319539269999,221,0.126255181458951
"145",25,2,17.1722623018842,5.49373510286357,9.71958692041886,64.1420559966739,249.44604285604,52.1077940700019,1426.64045176314,0.70268146219283,58.7334610165613,0.762708469294012,0.548033386608586,1.74376788330216,8.21255590304249,21.4433233448237,0.740126120923783,1,0.964357961896844,112,0.0664755547718639
"146",26,2,20.2267720467364,11.3022519390934,7.24696051864846,65.4431641379897,211.59083718806,48.3868059101742,1835.40388729244,0.819717274480333,49.660970303546,0.49774437637534,0.462318287952803,1.83517737696056,10.8848545158544,16.7854720928925,0.806028645367752,1,0.973261779501165,612,0.387539610089311
"147",27,2,17.038014316692,8.93433474879446,2.92983305938954,70.7720977656977,447.218823470047,46.2201858603272,1421.65052125135,0.567909355785066,36.8720520798986,0.287578840972856,0.52943228117656,0.983774043193106,5.03879050784231,12.9653407236014,0.80649953730662,1,0.780068525532065,59,0.0291992274459129
"148",28,2,17.1336619347985,9.44888128605543,6.28438154276558,71.3789849062324,240.535658998329,56.0003057667104,1433.91119265615,0.559496092563486,49.5455367757567,0.246547524933703,0.523844446078874,0.319422153985948,3.88300967553287,16.31447049092,0.736671693947738,1,0.812599835038132,28,0.0356467864917388
"149",29,2,19.3937251531042,10.5792539452581,9.63205281385233,86.3558815452907,336.50129559597,64.912553454382,1689.54973414471,0.307359605461509,66.4087059906535,0.7993329126155,0.38501018427778,0.0352529456924711,2.68582531056029,14.5258792732773,0.827750386876846,1,0.821171206790893,202,0.102472597299336
"150",30,2,15.8872631736582,9.06703187641847,7.14682218154845,64.7145508438743,253.468209004028,44.0918961506736,1305.95948397095,0.637193731741488,45.660844586649,0.561377089330926,0.454879793943837,0.132247652631876,2.81650983542141,15.3118402936062,0.703607930011886,1,0.727181686352245,245,0.111152824056574
"151",31,2,17.9186030496976,6.78387965011063,7.19072631991664,78.0491915148958,410.464430296288,71.7764341307039,1573.04918248986,0.450896344551158,54.9551090562634,0.547863767575473,0.5606549362652,-0.705458011297244,1.08270490479827,17.0308498556319,0.816180834664847,1,0.695298202339366,90,0.0610607061712087
"152",32,2,14.8969103553048,6.10043240791602,7.70846155147506,71.6602511912178,213.962073220133,37.4750430563953,1182.47446517926,0.480249765677761,49.6569939481773,0.895544441300444,0.226680797548033,-0.235083250839227,3.78576718172919,16.7362414943167,0.655487917720609,1,0.811876877972937,115,0.0359096671598636
"153",33,2,20.3343390984714,9.31860016353804,9.43893273613474,75.7428913663019,266.684463569081,80.0218573002441,1832.16278998873,0.579234862797923,52.6693816510032,0.679787537129596,0.381971070100553,0.608127839465253,3.34253191676391,17.4813920923631,0.826403626976504,1,0.811059708749039,792,0.293002124053439
"154",34,2,17.4527085972518,10.3494510546626,7.01781849556135,69.6913237137902,246.856916803041,62.3043953602846,1481.60515176402,0.604560295991563,55.2900970766233,0.702185822324827,0.457852590386756,1.05935077937209,3.6728334298366,22.0242338405421,0.747898918944126,1,0.865502497866183,89,0.0820223357674083
"155",35,2,17.0643093506555,5.44444487844554,8.951916876837,81.4226191160604,323.016881976619,44.5771196273188,1468.39528562707,0.361567400028914,50.4341489523926,0.557161092013121,0.393058486073278,-0.563511111196123,1.47066020424612,12.170895794774,0.766958737152137,1,0.637092602534911,115,0.0867428854952324
"156",36,2,15.5234953440276,10.5810489618942,9.14630733610535,61.3753388368436,290.551222907801,18.1152227014996,1294.33295415511,0.681437680584626,52.682905591932,0.263799058343284,0.522108142403886,-0.670408473453687,1.16814821146675,10.613471356172,0.707312945181782,1,0.613394904811963,123,0.0576979747709508
"157",37,2,17.9844759324453,10.8446127149472,5.9622808445687,76.2312565805187,463.103597507978,44.0292582967811,1492.31636199743,0.490266123279819,52.9444200021368,0.500591032230295,0.374924196302891,0.847539575413145,7.94948287347933,17.5453233684268,0.832614043632462,1,0.945341610080042,287,0.0940554606734025
"158",38,2,16.3994356440967,12.5894747264134,7.87625553112727,75.2086039993709,319.736712381753,44.78603115214,1352.84331039267,0.462560302963598,53.0938085300348,0.648602672247216,0.282270288700238,0.0550488476653943,2.74993311419563,17.0857206895385,0.74666168194857,1,0.781098640093756,116,0.0422068543145107
"159",39,2,16.9330153400991,10.3294280371479,6.9233897967911,83.4469070326809,399.901421327677,71.6742846325,1458.37141433804,0.319499666524861,58.6735538380739,0.887957895174623,0.482990356651135,2.19161865325697,12.3274747541503,18.9313048593241,0.790339850107392,1,0.987931496105013,533,0.192635170923218
"160",40,2,20.5753504911692,10.4099076816005,8.83390945222153,73.204263085196,369.248520147599,55.643541108482,1915.49264382353,0.649438279378613,70.0459551805244,0.733024522429332,0.300935303466395,0.68428338116189,5.12098668796879,20.09505072687,0.858005487515671,1,0.933542708098993,136,0.0779164012030081
"161",41,2,17.6489482595157,11.2092072534516,4.98344668773951,78.9727711149843,361.140741831513,22.6832670188829,1535.21397665974,0.424651148202789,45.9443424592085,0.262826980091631,0.232060803240165,-1.53062161472468,0.894465632050388,19.4541868513811,0.794560521507985,1,0.650077368245923,355,0.147357543779948
"162",42,2,15.8564352316986,9.96171846166214,11.0783398555349,78.1970716370947,350.952856872562,54.0903090667322,1298.84721274533,0.39294760348708,67.0378678162039,0.825439817411825,0.392092419462278,0.455684867071394,5.31172165136061,18.1409319957596,0.743578753058519,1,0.924957913611465,51,0.0956316416819318
"163",43,2,18.3264137649348,9.84057130524238,10.692036177192,69.8246979945161,336.428110831426,35.8578839825262,1617.40536259935,0.635921051411901,62.6427844732507,0.846465182234533,0.205999201419763,0.730898614071693,4.08846989566511,22.1218734614326,0.801609050485141,1,0.901314673310856,67,0.0851229931753242
"164",44,2,17.2745231687441,10.2319689288056,6.31428844499695,74.3298978816997,277.199845445951,24.4866034665292,1479.46839187107,0.506302654452666,46.1285062057775,0.311500411597081,0.3451671914896,-1.22412382068222,0.709002516606739,21.5622165922591,0.754975308940999,1,0.662547338359981,219,0.110276352050705
"165",45,2,19.1800270959747,11.4883467280968,6.66025154438468,73.9310303999238,299.417351294565,63.7855514484395,1717.38898821195,0.579492906334676,46.3908508078401,0.457665999676101,0.574384167580865,0.310032012845028,4.67853781190122,14.035270623716,0.810407327181851,1,0.817134141518017,543,0.149073517566602
"166",46,2,20.864843855462,9.13741879294462,6.18302510370776,83.9568308437935,348.138771954735,59.0255857362551,1917.64064879398,0.395823631568801,53.930803747253,0.451516744098626,0.155343947955407,-0.781538892957362,1.47784285330406,20.5638306432423,0.859382561277616,1,0.748281623586938,52,0.0556791618042056
"167",47,2,16.014614977781,9.00094209617753,7.72691871640461,76.9137677806608,171.450049037979,43.9996591366649,1366.87353352875,0.420303486793634,56.8266996588664,0.361165712843649,0.143708637589589,-1.34526183975435,0.841803807452051,21.9680177076448,0.674427762069385,1,0.741876190289652,32,0.0646574147438468
"168",48,2,18.9093005951606,8.26967584648858,6.9979240734175,77.3248177268628,208.67352269162,71.5620752079311,1679.70635949637,0.495612745947792,53.3538148211069,0.777318278257735,0.394125816086307,0.196895672026574,3.50194012597814,21.3522260714311,0.774503514615601,1,0.847975207908723,228,0.0708303071611566
"169",49,2,18.169796117357,8.08448543345625,8.2252768936328,93.7488113473491,294.769524926397,45.3169194460481,1568.40846194079,0.130450496432988,59.1206534510565,0.728944477066398,0.550618350412697,0.458210166224397,3.86759464229131,21.3238037775684,0.787478088065407,1,0.880806336536535,892,0.347465984447994
"170",50,2,19.7911311645291,10.6535999426773,4.24956487381145,78.3303848990912,208.037745967149,24.7192340792687,1805.6425277297,0.500345878304869,37.0808702737817,0.410352595732547,0.288157096039504,-0.492938171485088,1.58441732204202,14.0154130986387,0.796527587079649,1,0.571634245764912,106,0.0412850205146355
"171",51,2,17.5404437221075,13.0947444513703,8.31709342891663,77.8998486229543,326.810282044352,63.6642813660874,1480.8271193356,0.443274913590534,49.463263622702,0.437987800571136,0.126639544870704,-0.710101912904098,1.31853234367532,17.7360723957644,0.780221241606328,1,0.682711568675741,107,0.063808744885449
"172",52,2,19.6732381369212,8.06228086227114,8.03112534252801,79.253461003809,348.201120627412,39.8749875713518,1751.85517181348,0.475541840726602,54.8684569635425,0.225056188320741,0.430547005985863,-0.630273711604872,1.54489635854951,17.2479046380374,0.835945713703942,1,0.72550160056331,1260,0.61754893279165
"173",53,2,14.5098882773266,9.62311914748107,4.79879307747973,87.3843379067185,373.075649607994,52.0596734997194,1069.15375280605,0.208513661331917,47.0999191067248,0.773495182930492,0.582455646153539,1.70676284278377,9.57648122938685,18.2152882650037,0.713878042538183,1,0.960710143224299,67,0.0445689182129008
"174",54,2,21.3789178426267,7.93999767708816,8.55194617833991,82.6919064048462,386.816599575811,36.1513730377069,1971.29008798223,0.440718685166751,61.4098747015971,0.556713536148891,0.249830718408339,-1.04829650008517,1.22354135071201,15.356306038401,0.876840206869034,1,0.726547106130234,125,0.0584576618776552
"175",55,2,19.7295559570372,11.816172883721,8.10990527974181,77.7074894288517,354.011025759297,30.4331037689048,1786.46317722403,0.512766484362815,61.7149652858907,0.318291482422501,0.33851221287623,-0.996398202104368,1.66271868404704,17.2264144056112,0.838477701831891,1,0.770579326596948,151,0.0717518085671652
"176",56,2,17.6984480222285,9.36523627058374,7.53885329060548,70.1123759658471,352.761370556677,56.621489379118,1472.14333039709,0.605475814502375,53.5274994245269,0.618297573248856,0.329335832293145,0.569866801728171,3.24424604691945,15.4607763556834,0.791843061760347,1,0.794478882303402,125,0.0737356999951665
"177",57,2,15.1019857397217,10.3580079330808,7.97356741879222,77.8564164032816,334.39055631375,36.5196945406023,1288.40968113064,0.380235832106395,48.4152904694998,0.299307531327941,0.596066881809384,0.820888365048098,7.27119644324915,20.347693041897,0.714811710761762,1,0.934085054911529,342,0.0970885888543386
"178",58,2,19.286017400084,10.6960563754584,8.76989839204465,76.1320694390175,322.048120629385,41.8764185037354,1686.36125842798,0.53407904398881,50.2970588598388,0.302301156846806,0.389729279815219,-1.29414578722448,1.10774527907749,21.3652040610588,0.81989491440968,1,0.712896926115167,369,0.125140057473677
"179",59,2,18.9663877276295,7.89144195745112,8.69344743400249,60.3096692497708,271.514526841989,60.8612285459264,1637.20569307137,0.870610462062007,51.2467989195282,0.828946846886538,0.416581071587279,-0.0117890342838699,2.07364899837608,19.683308305326,0.794646225361483,1,0.758351733619763,59,0.0742734075073314
"180",60,2,17.9872887471572,9.7905114237786,7.13677447884275,62.6717516288493,453.657939393675,11.5643175983123,1548.6008855829,0.770087531082879,58.382779738693,0.319692035485059,0.365727612539195,-0.659885782789174,1.44630878935239,11.9707852849795,0.828439194856397,1,0.686523335175605,161,0.087954031111727
"181",61,2,18.3029117857248,9.54331476581094,10.3003560786574,60.6449370846571,272.448552277193,35.9417348821223,1605.32848011732,0.828155708889897,62.9228695895365,0.739434216660447,0.235744361905381,0.41126930872214,5.25628980992136,21.5878305485182,0.778545044751481,1,0.927167000467365,165,0.148546563660227
"182",62,2,16.8317820593004,11.3507111248551,7.92693561422424,86.3161192676699,421.836831941115,72.9434097235459,1406.60821951168,0.26242898658569,61.232386153643,0.569092424702831,0.161000422341749,-0.0231527343297117,4.03652579828223,15.2146722676896,0.795425310269221,1,0.859200200510223,382,0.108864049417479
"183",63,2,18.7376134652605,7.53351061298738,7.72839715652687,79.9467031340878,376.335488437428,49.9192079286605,1663.42164070491,0.433629992635926,49.7816150392154,0.50338366527576,0.504760862817056,1.20505477635102,7.76657622564818,20.5847226924487,0.824330593258522,1,0.945455887481463,102,0.0652551818129282
"184",64,2,18.589308679439,7.60007691115444,9.88923609128905,56.1963569024058,442.117697497283,24.7522446445976,1603.99991589464,0.938458302861681,59.4063063735187,0.600652089552022,0.452951089967974,0.39480950969739,3.52386436427025,23.1594527608443,0.83686618453185,1,0.88051552766539,771,0.330461670786961
"185",65,2,17.4414812533149,11.5317331532322,9.98408272334013,78.7362526887529,363.897583191698,49.258718299626,1514.92694537672,0.423842535324126,63.136366334181,0.684951676102355,0.402090786397457,-0.312087513912298,1.21508265873949,19.4207291603296,0.790354513756189,1,0.773757703331585,96,0.10641251820657
"186",66,2,15.3275266902137,8.82380427743405,6.5986604900622,75.5106555051481,294.809159564277,50.6823966342166,1243.11309668579,0.426655883840451,51.5803977632892,0.595058858720586,0.294078249973245,-1.09632258605308,0.652730578562464,19.7493058297348,0.705095376858429,1,0.674958073712548,253,0.0830877177883125
"187",67,2,19.4014976368801,8.67940834004885,6.01788265633081,72.9499164654378,301.415389588934,38.3619457579705,1784.85098650763,0.609648988003995,42.175567717074,0.565217116312124,0.480171798868105,-0.642334625783871,1.94729121493167,17.6661762450684,0.815878482596517,1,0.675411346478169,143,0.0579309346111716
"188",68,2,19.1083932445481,10.2260270443947,6.58876389468236,69.043823693973,238.359411532021,39.7199284063714,1704.4002201599,0.685066745404002,42.336027566018,0.275818477617577,0.31273545420263,-1.05854936962653,1.26423739981975,14.8962349665789,0.788444583103751,1,0.597284645108117,37,0.0680272128338109
"189",69,2,16.3273868143972,9.35920240062792,5.64844821334357,64.8477977876462,382.262858623075,49.4146274846903,1357.94193430804,0.652870451798501,34.7184827241683,0.571447930578142,0.399717711866833,0.423310376657415,5.02700175982281,15.2051690117216,0.766297031646952,1,0.78749867428685,34,0.0732168338120922
"190",70,2,14.8108236759875,13.7327629938776,4.43760609651936,81.9010240634463,322.773069637024,62.5961430551373,1181.38016042378,0.305010913039321,46.5638148737489,0.312501966347918,0.536043368419632,-0.623614109413684,2.62266707200436,16.2110711325167,0.701608516888563,1,0.729930132070995,82,0.0785291687257948
"191",71,2,18.4099171611753,10.5190629115356,8.62121504367678,70.3845226248239,316.533598683395,37.3788797443437,1625.69835541361,0.627399217337953,58.8509393590096,0.41907662297599,0.55856788486708,1.02538633743869,8.67762343342202,21.2632757110049,0.797292700954702,1,0.968689147373426,9,0.0368306719043557
"192",72,2,17.3098240440542,10.3231201418361,7.70977927810114,73.9418612136798,324.604344241982,60.7434241424213,1452.93647336048,0.51510447941448,53.0997601609765,0.500314643396996,0.45396905161906,0.474207958342547,3.50025177125494,19.6052406884939,0.772955968644698,1,0.835253916652327,166,0.0688382136760319
"193",73,2,18.5052234067289,11.8621498186707,9.28509950738492,79.6946248047039,281.981530153625,21.9880152056344,1590.4169278319,0.432742420777461,68.0297008099056,0.624470453639515,0.515183215052821,0.55251573075766,5.63899037219376,17.5078206829473,0.789586853226002,1,0.931373343356535,475,0.300607220998222
"194",74,2,15.4119950690309,9.88010650148076,7.99668127539739,79.2800022159808,294.595192272261,79.8628507956168,1275.18547630201,0.362948600896328,55.371488725595,0.677269471110776,0.572601352375932,1.48304887832906,7.61315573542772,15.2896752242314,0.708161519201101,1,0.937589292510029,132,0.0405984914626115
"195",75,2,16.0816591112393,10.0974794001549,8.8183259241547,71.852720504262,366.601460422611,61.5662974379001,1332.33158367048,0.514642260265742,53.9726467256825,0.516624052752741,0.272773355152458,-0.118645130148597,3.14328240731422,16.6002067714794,0.75489021153223,1,0.800939156819816,116,0.108651715258859
"196",76,2,20.1715497073598,7.85424919853207,7.0078837053797,70.6751246623251,398.654434187936,40.6610283798135,1776.13221204115,0.693240595762482,56.8747322182365,0.780984238279052,0.411153599643148,0.646835180983546,7.02334534347672,16.2834584565144,0.85757727267583,1,0.932605476290961,338,0.149059568467213
"197",77,2,18.8075498094314,5.41405713903865,6.07978408219767,77.0756073218766,323.498078376058,48.4460817446135,1627.95217864579,0.497885649977181,53.2601047448586,0.829408300016075,0.396899277367629,1.27170687684962,7.64474834652617,21.229097247519,0.809723291734116,1,0.950390118264501,216,0.0732536534601602
"198",78,2,19.1729750734386,7.58558629987132,9.55626444914087,65.5737699119291,334.723901435567,31.511925191303,1703.86501317526,0.764932157826908,55.1355948738588,0.428840341325849,0.511181155592203,0.890536914912704,7.12429747021334,13.1278801237148,0.819771001349569,1,0.920396837007423,221,0.0814214007162047
"199",79,2,21.6304568923079,10.2282188595944,9.52224123265568,77.4491078283894,333.939483102627,36.0063820584014,2030.97453703941,0.583122695223048,58.9095449526449,0.232281227246858,0.574813409266062,0.166112871407289,2.34104116699514,16.6673129456366,0.8686554567193,1,0.78633345488629,105,0.0481963352145194
"200",80,2,18.2576428572048,7.93340584178925,4.53257563223353,76.3878498329628,331.326553983528,54.4627777178971,1596.69413651143,0.495465569409476,48.0348581469653,0.843164813891053,0.12329831966199,0.54030186343876,4.20067373548144,22.6504720850914,0.799228736182041,1,0.862210403437516,306,0.100448685602306
"201",81,2,13.998141524537,11.3776155046841,9.75458930365351,77.0046245373617,305.491046720869,19.032110593267,1079.5598102809,0.367681211171074,64.0191701535175,0.721944634011015,0.388680539000779,0.290030387213693,2.64409821130736,20.3128106301121,0.667299453140843,1,0.849341428635925,304,0.1224328075067
"202",82,2,18.6675543948671,11.4501660353497,4.45325712213261,72.7766076067119,354.328179027466,60.1587383373657,1626.23721198628,0.586101943974366,42.6948912896569,0.487817696621641,0.431899254699238,0.115112425860115,3.12901970022224,16.64578646318,0.815378620465432,1,0.741128451447606,468,0.197781658635982
"203",83,2,20.3426502547176,10.4347604218782,7.90862535137769,61.2021141258972,362.347507861241,62.5457458687155,1819.38640449669,0.926929218351432,47.2979547588018,0.401756152650341,0.546710204239935,-0.566506246562698,1.44217878067032,20.1102474753887,0.85056195790434,1,0.702055378167741,35,0.0296952595756039
"204",84,2,22.1190784845986,9.59668653676324,7.21025549203172,58.9463604491545,332.293976239642,51.8336581473563,2035.11891055555,1.09369107416213,59.9365907571705,0.713028436806053,0.255424248077907,0.383099034609298,3.32453680673729,24.9595594361649,0.874209484326983,1,0.885282755706813,969,0.450092306645271
"205",85,2,15.246276803519,7.26862027882263,7.74388746715796,64.6655333562523,353.126202806699,38.1762554421562,1242.87749213982,0.612396240108554,53.91454518133,0.404726177314296,0.53288299604319,-0.199340453274368,2.00770329219994,16.9993227947763,0.724859920785266,1,0.744542424367494,648,0.239862845404499
"206",86,2,15.6982888687458,9.38212478264568,10.1924754637732,77.9267058278664,285.867721378533,59.5045552345837,1266.27303710415,0.39381503268879,58.2556072511915,0.501297362055629,0.349713743571192,-0.733225444986815,1.37665354551085,14.9433244523857,0.713148736968436,1,0.712556011658128,780,0.294132408822244
"207",87,2,16.5883572104798,9.09419422692555,5.48956427876019,73.7823739687326,331.563065335933,46.9505975272904,1396.19082569024,0.495086425387325,44.9365738076881,0.535999521962367,0.397555804252624,-0.522652674393261,1.41675987739736,16.6135377204287,0.756129674093351,1,0.646525675929785,658,0.3136206265626
"208",88,2,15.8918884358456,11.3264582890396,7.46903261074021,69.1272472793903,357.280833296658,76.6366251887899,1298.01633088955,0.557672995879551,50.2280363295695,0.870513491798192,0.281062710471451,0.776529088174576,4.15106235581762,22.7867260840103,0.745743481954053,1,0.868926020928402,134,0.0940014348551855
"209",89,2,16.708512553715,12.6172590734974,13.1066049800805,68.7442235441473,313.567063302048,57.5503122451683,1409.81251885843,0.594749433826242,60.780700944107,0.84244220238179,0.498068103240803,1.19231689967425,6.53141639744832,24.1497950189581,0.752058453397059,1,0.952135611390932,118,0.0784361987981095
"210",90,2,17.629244064647,11.002080619789,5.04338738809896,79.4125362785017,312.555444826515,77.8991854054668,1546.10914032143,0.415253710777978,44.2737160604257,0.864478235226124,0.555579170840792,1.03881714406367,8.85751735177423,18.5571565460684,0.777799275231669,1,0.948501198365885,15,0.0383276736936588
"211",91,2,15.59755589852,7.74342292960527,6.74682486353855,62.1132721245595,292.098689188723,40.8576043164455,1295.65726418363,0.671599147589259,55.1845533495395,0.253970966720954,0.24604619902093,-1.27055266435969,1.43833131242472,15.1058889236606,0.710325779915634,1,0.698955806559651,316,0.115615996470814
"212",92,2,22.0739443339663,13.3419946107963,7.91789595531722,80.9854114647235,354.404465749216,67.2958298373166,2047.55061192852,0.505168288541222,65.1818981321289,0.570570184849203,0.136760453833267,0.42885913822576,3.7965946950776,16.7721153528988,0.880764930449602,1,0.873585643960191,355,0.146371891450729
"213",93,2,18.2155494897711,12.0207060649042,8.39990643966488,78.5943680899007,335.296164903076,64.5402373588757,1556.10013582438,0.447980060234977,52.5199842255385,0.327414689539,0.340312960231677,0.314988278768921,4.22009923873162,12.570439889333,0.799793710627001,1,0.813080380710941,73,0.0656368521397349
"214",94,2,17.8317837989888,10.4470424317489,6.93338879894525,68.0394998364508,480.328652072235,59.559547356114,1557.08963156173,0.652930076977777,49.8547226429831,0.859768961183727,0.596326105785556,1.23594427170782,10.2970650092218,20.0869460011881,0.83331524344795,1,0.973119570838491,500,0.132680474232123
"215",95,2,18.9912392832092,5.58703081358076,7.46793536463198,74.2180165491365,311.930298940273,76.5825153876276,1683.02215111912,0.566407420854357,55.6900602987891,0.48872653155122,0.586769852461293,0.080669635375069,2.31560569445614,19.8243086928599,0.809981534086741,1,0.795206382252399,50,0.0505827457238172
"216",96,2,18.0748303722359,8.09082876289368,10.1682956282373,82.1448017097301,326.694443709554,67.6746584693302,1538.61718585116,0.370388137432004,59.6692487943775,0.251015051524155,0.182770612207241,-1.48456883174797,0.764951088094691,16.0191496487589,0.79409658826175,1,0.694346768399236,355,0.104730430450635
"217",97,2,17.7358239260882,9.86285386557953,7.63850904074991,85.80732076213,259.399838762904,66.5105395424201,1558.41956604566,0.288199141339604,50.2316921218717,0.597989500872791,0.400048377830535,0.0408934899862328,3.22531422917926,21.3884573686739,0.762719129080858,1,0.824040801098965,259,0.0988675463414724
"218",98,2,20.9535748471042,11.5226118031305,8.50311063875647,86.911763154468,373.272788078963,70.6542211378213,1940.71185826246,0.324684368923988,53.8421367204222,0.896982881356962,0.151630928181112,1.54353648179751,11.3214417918436,20.7689691929757,0.8672194655452,1,0.982878408642416,106,0.0635171367533621
"219",99,2,17.5659395798158,7.64019160008342,8.73908447030979,77.9685377027781,301.566946451661,39.2410193982516,1487.12370610507,0.44260863832099,57.3317741522437,0.603684147400781,0.547438536444679,1.04996491755068,5.86103915224743,19.0633632614709,0.772119943800525,1,0.919193045871015,422,0.118335270953814
"220",100,2,15.4327955918155,16.4223979135346,8.81406851877953,73.2842140518994,327.989899558183,60.3276910636692,1332.38975551947,0.468600794854169,45.2336947181816,0.200339429080486,0.324866400822066,-0.878808899488743,1.45752234884008,17.9633008505084,0.721548380667244,1,0.666507849572514,39,0.10099406641445
"221",101,2,18.7713357808868,4.89235029809835,8.98501003849156,78.6439567195132,376.719582180824,69.0215218517617,1558.39049983736,0.462774858198122,53.7410646801355,0.882854495150968,0.268306882376783,1.09785071631583,6.70503901840958,20.5369766891389,0.825004493591131,1,0.934047498328574,187,0.117631380118904
"222",102,2,17.2969742529418,9.52813210133187,8.10926515810461,72.9351111179515,411.541203790942,21.9186683233337,1495.01560851811,0.534570970732595,54.975329370862,0.801735767861828,0.448165788454935,0.865201322144371,4.72021352544676,16.849738820594,0.801587462973622,1,0.870773011784447,94,0.0883278106990625
"223",103,2,16.9564078132875,9.48087471347713,6.58265184767618,66.9766099831671,305.152965908351,68.7212442219034,1420.35063357881,0.638347260473349,52.2513752054745,0.612528198584914,0.104351791460067,-0.106750350609419,1.28607274127693,22.6830444569912,0.755512697522143,1,0.747913547964699,131,0.0451480203691426
"224",104,2,15.8637375986257,8.67326616676161,7.8834584951129,81.7531478623835,298.603777933741,33.8404938583322,1309.43273364566,0.329011107322998,48.7469361463492,0.406684152851813,0.476822601538151,-0.971882522003581,1.51177268020984,14.7882637307737,0.723843555285133,1,0.658215749980488,64,0.075294571188025
"225",105,2,18.8567318065334,9.3620185783477,6.07315635552499,80.5572702071731,332.478104454197,27.8874565001472,1631.33013195388,0.423568161078581,45.2273650835809,0.530694534745999,0.191699291020632,-0.618607879013253,2.03789775428478,13.5055263021906,0.814046864241569,1,0.655536667945273,55,0.0487251012422188
"226",106,2,17.651963531146,11.4847903151446,8.18678659321175,85.0880299811784,392.555200846727,48.4585812073431,1510.86006765952,0.301208931961331,46.1254361704549,0.793340797070414,0.440679425513372,1.83799976629838,15.2311342038273,17.3740762800365,0.805472665081317,1,0.992012098036169,89,0.0624747153988934
"227",107,2,19.0313354572961,8.25141464842845,7.30419773308178,88.3324743147014,326.993533224452,24.2770077904428,1665.34837614521,0.256967178033977,54.2275207135066,0.599850470013916,0.303016485087574,-1.18062095488836,0.989282477738018,18.5960355530556,0.817337019184095,1,0.701282426999064,123,0.0322467115184625
"228",108,2,17.5312694453882,5.83437246739344,7.7633311237089,86.7748635047147,331.523971606456,38.383975441798,1518.68309461348,0.265110319896727,56.4549162476522,0.727384548843838,0.348979528900236,-0.153378362002297,4.04278480608705,15.5101894504785,0.782812802506341,1,0.843168177738474,845,0.364415451502845
"229",109,2,16.6829931483565,10.1875358056204,5.80181808565016,81.3145256406754,367.196966569547,62.7133095183454,1415.6644305356,0.35497996424061,47.0348542021001,0.329015219863504,0.155805423413403,-2.0705544004054,0.668389055313812,19.8232492614072,0.772528458061736,1,0.646279451132055,159,0.0856112703211167
"230",110,2,20.5004732081574,9.99636037599441,7.43384717515554,74.7083658305333,364.390441382653,51.2485285498555,1881.96800617424,0.610161013523418,52.441349356807,0.421621308429167,0.426092904433608,0.24202522863069,4.7910425127033,17.7590400011411,0.855628373432111,1,0.86972225413948,248,0.0532829933308742
"231",111,2,17.4564725697772,9.97379869525685,5.82053065430878,74.26973378686,385.2015218869,69.2762745287485,1506.76227276881,0.513357788361711,34.9010945165057,0.738595104054548,0.500350167183205,1.00099062694129,6.15675795905936,15.5318783766431,0.797111761369086,1,0.841663015784343,832,0.374523720147021
"232",112,2,19.8959039917504,11.3359361491162,7.18866891180028,71.6970964876648,202.831562018308,54.1406737693036,1784.92434539652,0.657764253761753,58.6334268394049,0.853711256524548,0.516385467397049,1.26818760631128,3.10343127293581,25.0792754682025,0.796366573799636,1,0.874790485293788,1050,0.500983300131182
"233",113,2,15.5968351397821,9.97366459409568,9.05381451919553,68.7515104134393,249.054390408528,24.3328588186386,1268.72878529267,0.553900823042852,55.6453458722205,0.359642193373293,0.348329843743704,-0.197031673497174,3.1365823231376,16.8527724518167,0.693275606817158,1,0.810455666807059,231,0.147782951790171
"234",114,2,17.067767807249,11.5520940609526,8.48083996355099,71.879257716705,249.159291324858,32.756749676845,1504.04415154007,0.547427607694907,52.4459642213495,0.761533985030837,0.431877114367671,-0.274892854561801,1.77608905617378,15.2923906883245,0.738190861041993,1,0.704917371342288,104,0.0613548040575463
"235",115,2,17.4612972096936,5.97852933472949,9.79672491449873,79.9107009760741,342.618866112564,52.3967947946177,1520.89416989559,0.400934072325625,59.4884857007861,0.323614854109474,0.183501228131354,-0.709877923751537,1.14408196258322,17.0755665642833,0.783875394046528,1,0.727436974362975,238,0.0830531716811363
"236",116,2,17.2180691837383,7.7436390100564,8.97593625387095,78.0774161626659,238.592537559004,43.5918096962716,1464.3897381935,0.430847542651711,59.9409702851899,0.251610121736303,0.542572091473266,-0.696600040343631,1.37212376357856,21.9112294885849,0.739363227576141,1,0.786747040861008,30,0.0563496139670171
"237",117,2,20.6974140239834,10.6975991431714,8.22398273039508,65.354746801453,306.283503699461,63.6050330586351,1928.70976878311,0.846021321762148,62.5403732747868,0.666276780376211,0.530313343298621,1.1183217074513,11.4202492356093,15.8356189782425,0.843346065677055,1,0.983602079844134,632,0.19880106808132
"238",118,2,17.9544705974032,9.29420303580615,9.99662669427244,84.5828097601123,345.395393894281,52.2634844424626,1568.06715993447,0.317403231975531,61.9326700711661,0.734133917605504,0.598348758206703,1.94445006138918,6.60732776615232,14.2394911311762,0.797584496524109,1,0.927718021240875,406,0.159087304308206
"239",119,2,18.4884517022069,11.8895491958352,10.3834336175068,85.3291301332548,436.454495579877,33.3570910476719,1615.62731328971,0.312333170783688,55.525819522706,0.698694253759459,0.286203065444715,-0.198881665499689,1.92760612014498,16.9004566343079,0.836673605731064,1,0.748208299377394,60,0.0612028257244189
"240",120,2,16.1152565842722,7.99056029494707,5.20122486575257,86.8645728201642,305.53883911596,41.7678690329049,1303.19996467374,0.240682484460117,45.2072352445374,0.447156648035161,0.437247855961323,0.977960009433468,8.64046062000713,18.5234697084209,0.734726873163753,1,0.946572841757815,118,0.0375822044123241
"241",1,3,16.5415654469809,11.4478054649937,9.78429547329354,65.2112381135073,318.741765684171,65.2818268250064,1395.3860637961,0.654989596020536,59.8905989482791,0.240165618550964,0.161573855578899,-1.73299089793985,0.594121519170731,15.3037489946655,0.74885572460573,1,0.677026879382332,553,0.19415743831836
"242",2,3,19.9961378171097,8.66233451801927,9.55591794068161,71.6946029250318,334.138823377819,35.8188187950769,1815.05553583843,0.661918244714311,59.4889777596431,0.787701629917137,0.485130015434697,1.63402770031685,14.4767018675991,20.1021034785233,0.837701090779404,1,0.994134501676935,8,0.0412454582510291
"243",3,3,20.5169633291911,7.7739196125684,9.8838290326939,71.7233530703016,284.279311063188,27.4952622038486,1842.83617219818,0.682868447290346,64.5737078250083,0.837417198880576,0.32809114085976,-0.24187948201098,3.24551783994289,17.0882805297157,0.834627965313744,1,0.853869786923428,1070,0.517947123507762
"244",4,3,20.4977273776202,9.31438962126611,6.1823945753978,71.3906822539024,128.026493974653,58.4774609458876,1829.78117398511,0.690083321452689,48.1108601590772,0.41263879830949,0.561737822974101,-0.370429584268908,3.64041634784026,18.3570379539491,0.786357717632519,1,0.810506188079508,455,0.137948799833314
"245",5,3,15.2387259009493,10.0995586463375,12.8178616889524,70.4824083861749,410.676708297626,52.7410815188712,1188.76762662026,0.511333416966191,64.5446603038359,0.215051972749643,0.38105624136515,-1.07035783093123,1.4983192890162,17.4454829143365,0.74776149183247,1,0.778700538693441,270,0.142732239038433
"246",6,3,22.0999213872728,7.54463607694893,2.81149965138383,70.5199173240264,299.384779791034,38.0490787713751,2025.7830976666,0.784449556244806,45.3975612659322,0.616746962838806,0.421358025539666,0.978556250119023,3.56685492383719,17.7121594225334,0.867884234459801,1,0.78878068018143,272,0.0856615707141613
"247",7,3,20.0337456595991,8.47198817834511,8.01372607502819,67.2355354640624,276.984253082116,49.3072027242571,1836.18088539316,0.767978583272843,67.7675409438061,0.791812734655104,0.595708553586155,1.55173084420254,5.16574971119973,19.7440401702223,0.821759089960927,1,0.928902601896271,393,0.162952719716846
"248",8,3,17.9465650717235,7.50763587676424,8.23621333785667,70.4974116306126,337.274548837849,52.304401172521,1567.63169307199,0.60708607847486,53.2068142614605,0.482149190525524,0.549023490422405,-0.531946191188149,0.906169290150706,18.2073994606841,0.792859777821159,1,0.685340606674344,12,0.0675301491425008
"249",9,3,19.4072155575965,12.0335479555195,7.70060534717982,72.3437084536143,282.95163462534,38.5006337844738,1701.04621311889,0.623533263308588,57.8021695587345,0.568606101744808,0.402316204528324,0.526002134723759,2.89459906442458,19.0977905414814,0.810312850123715,1,0.825970514322586,298,0.0907692071400203
"250",10,3,16.0572295416963,11.4472252481177,9.49574657572634,76.5492008779944,375.210044414747,55.4712999850805,1279.41307485347,0.428104078910061,63.8993040234886,0.275104077276774,0.527629377809353,-0.211333739925196,1.20189211832895,20.4825629219099,0.758024707501272,1,0.786116731405075,988,0.476999174434927
"251",11,3,15.8076875168823,7.93494572578977,8.24806961379766,79.8451428501778,292.753960085869,39.5972154551251,1213.40273874208,0.36211414701875,59.3446893041964,0.816279616276734,0.278573070559651,1.21185431076648,6.41864932897553,22.4195007160121,0.719539086879929,1,0.944112812489503,11,0.0267626554516451
"252",12,3,18.0981009018752,11.1146920082455,6.4438905055747,82.6629887954001,371.345679470281,44.8526577191091,1543.67425158675,0.360165108401706,47.3005954229517,0.595998748624697,0.423499994119629,0.246791452600104,2.25697792776419,24.2032714845963,0.808918771758217,1,0.786889130037075,46,0.0590653247904073
"253",13,3,15.6030082868844,9.48883715380096,10.8200666109844,68.5934524881248,305.98742974467,61.1427400690115,1286.69724538115,0.556922753914823,65.7827115155894,0.701486589689739,0.180517176771536,1.27664237332352,4.16464940437549,24.8712263240339,0.717105552409209,1,0.921755212836283,257,0.0739154180529702
"254",14,3,18.3800379971195,7.77321648570666,7.41217638354028,75.3403892448419,261.297711266123,45.7169343805829,1569.74581634865,0.521432459709261,58.3717843764004,0.365985472500324,0.301078893034719,-1.49083459177606,0.568947196077352,16.1957266267075,0.778809788234373,1,0.675161551689488,647,0.310588077258167
"255",15,3,20.5954117992093,10.8423948792296,9.22135729001075,93.6856068961073,364.232957812033,24.9517448648036,1880.60846573359,0.153228897695585,72.6085845531881,0.851309666666202,0.38263445594348,1.38390190347478,6.99260995203373,19.5879903153335,0.859560995967416,1,0.9628681014946,266,0.10806084441682
"256",16,3,15.9322525540705,9.35409937630725,6.66697984027348,71.3050603534241,466.496217480828,46.03414937817,1363.85015542679,0.519672874671998,51.9992848496504,0.874729848490096,0.464062725915574,2.34940760381773,16.6722999791821,16.3337394752901,0.786178683568836,1,0.995405798436747,18,0.0584883149594861
"257",17,3,16.5231184915739,11.760359802383,5.880234243459,80.9234392483253,260.450440910605,24.5006840558559,1317.87932693399,0.358745066497487,47.998433486756,0.549695324269123,0.284642293024808,-0.551286961299817,1.18440414289405,12.4922163983446,0.728102930572544,1,0.603455747173082,338,0.151172602981096
"258",18,3,18.0931278789017,9.6102727864482,6.78832260167537,69.4132427145419,293.55583132968,42.0975077950916,1567.58076046851,0.635221440342053,45.6215772444378,0.738392995484173,0.246965819178149,0.621794897786812,6.90571879512331,21.8008404979162,0.781712152283642,1,0.926246024162151,481,0.169716115433543
"259",19,3,15.9648077603478,12.3761099642076,5.88631715829175,83.522951211645,249.836748062136,40.4447630473332,1286.51110864719,0.299025072279095,47.7259494517469,0.762598705524579,0.498074521217495,1.30735192275521,7.2925662473969,19.9462277162667,0.707326280715934,1,0.931938793448449,58,0.0590179545017006
"260",20,3,17.2334320802274,8.98047097646409,9.06621294534992,79.3641345707101,415.519279367023,97.6177967642011,1496.74538352257,0.405953824569677,60.7287079090514,0.260000562458299,0.345460405014455,-1.2310808584803,1.32646198739616,26.312642360353,0.802154564774491,1,0.822799683890484,138,0.0821437303805706
"261",21,3,19.7455108233428,10.4390960217466,4.89581477070515,67.6543254380544,327.636483003258,57.3680838481021,1769.60972483617,0.744743412317606,48.015915894005,0.294263603724539,0.403068581852131,0.355232025879078,4.4437661113101,16.6520714997916,0.830237281539068,1,0.832884652861427,56,0.051346502288762
"262",22,3,19.9390900279402,10.7405888427291,6.04302106938284,83.2015307494085,180.374080665711,56.6302423809761,1803.31694123422,0.391444996966618,43.5981475831021,0.261799210915342,0.231344897090457,-1.51209894765862,1.05814998950347,15.6702627765602,0.791823768649989,1,0.600824704914674,726,0.271089478902684
"263",23,3,18.7676933300542,10.5582167874612,8.05443671031995,84.0059072232491,188.193504960361,53.0029727486405,1657.4093797278,0.346505161145074,54.1871587061996,0.519844097807072,0.563598592788912,0.0166316075268556,2.66730730538884,20.0053266385211,0.764530549766645,1,0.806288750623021,44,0.0681175348770297
"264",24,3,14.2968886738651,10.4038848746266,4.56885536600581,82.0624030799872,376.349915865707,42.062071821227,1122.54710237987,0.292418573036582,38.2918885340375,0.521460277610458,0.537912831665017,-0.757208787452192,1.48791157084521,12.9249012557712,0.70796818199363,1,0.560052515360138,360,0.128794652572346
"265",25,3,17.8920065263477,9.97400691513731,6.99022394701458,52.8553711131945,337.94972933436,9.84246717694328,1556.92270234084,0.966788791883681,53.002765418102,0.84440443564672,0.394012889731675,1.59081155758447,6.77732097997031,16.7479526252409,0.789352835399525,1,0.921338733366425,49,0.0673026665797462
"266",26,3,20.1295464286766,9.81826998784502,7.39015463816486,76.1506126308501,200.604398390337,77.1906789694566,1786.37377886762,0.562337623950354,52.6245990097207,0.474061307590455,0.316531967627816,-1.18396636853884,1.31320743892001,20.616407483493,0.801889721475571,1,0.731750202589148,82,0.0665728029558186
"267",27,3,19.6263900748232,12.7300627306377,10.6921564708533,87.1590650012144,247.751911975585,42.2562441998238,1793.61761794041,0.293478860459777,68.1523390354711,0.732382605480961,0.14092651035171,0.225850521170049,2.30443149603546,19.4021197602253,0.8065463130497,1,0.846317475167395,87,0.0534197114331742
"268",28,3,17.6183670517914,11.8162611377663,7.48492661840661,73.6294713758315,343.900744280093,37.0693727939699,1560.07833879288,0.531534692953697,53.2079744130323,0.421271726745181,0.59996205617208,0.598419419863542,5.15286163742536,18.0810964730199,0.787395186506468,1,0.885558277371937,442,0.153372114621334
"269",29,3,12.6001403828726,8.78022365719619,6.95342539868333,69.7348400054564,322.685395161417,40.5504654485886,907.490460034349,0.44172587786634,55.8938853522306,0.24770276597701,0.194976725173183,-3.04114722330013,0.21778625543888,16.576369030466,0.626615129757452,1,0.638987172459245,168,0.0838447190356789
"270",30,3,18.1219332776022,12.7928744424389,6.67356440205474,73.7656431833089,208.030351209854,66.1244369280035,1569.18493322299,0.54581825557705,52.9727381411153,0.360605872049928,0.501996029540896,-0.0916647833696027,1.52144763691579,13.130927259633,0.752598239657133,1,0.668667117839536,24,0.0494514237292199
"271",31,3,19.1475033949672,10.2895967466169,8.89444207938532,55.9356854693064,365.151370279464,61.1853478100343,1642.4722315369,0.977532480627421,52.4378515933593,0.391834590514191,0.345641075191088,-0.515610822583079,1.52740208965042,11.6302636604929,0.82683023051217,1,0.648595063188271,49,0.0468358386384898
"272",32,3,18.0916071594502,8.7187864568094,7.36109803614798,65.8936232697472,294.458937527456,69.8237870532783,1575.94863758088,0.708248722892861,44.6267801270526,0.659772127121687,0.516426918469369,1.30726885129871,8.86618412251453,13.3020201903676,0.781482900644759,1,0.934854011427054,281,0.0663667043444063
"273",33,3,18.3148250803518,10.3396045191171,6.91244230012617,74.3019557374997,394.650218980107,54.1920371196099,1530.17635946473,0.541172838862278,50.5338956573443,0.585644498118199,0.463230466959067,-0.158194052344764,1.97108551755679,20.1769442542364,0.819782895949806,1,0.753281268129384,196,0.104092273071676
"274",34,3,18.8631307457375,9.68562502515831,7.44065311502298,81.6826137651536,347.020956756925,48.2749063167772,1657.47436335455,0.399211583203498,63.2985335094798,0.709758492046967,0.412395410961471,1.44376243487313,10.7949608858203,18.4183609580448,0.818696803297518,1,0.983016144359336,378,0.10655432877786
"275",35,3,17.2069005278996,10.2018791890922,10.1304652007339,76.696886945532,390.968448955876,46.2464811864072,1420.15768295314,0.457655779200641,64.2075865627798,0.334701134171337,0.596401313692331,0.701713134905492,3.54072521688016,16.5156021516896,0.793256174595439,1,0.859871761327789,388,0.122990048079866
"276",36,3,20.6199564515031,8.05321169170344,11.1356574982912,80.1307704112364,202.16131333376,26.6423855041816,1850.21708023258,0.482888478985544,66.0241912168735,0.254452318418771,0.181424442236312,-0.0346193154920034,2.58392701539205,19.0449326906488,0.814270386418214,1,0.846596238518014,87,0.0551949273498057
"277",37,3,18.9407867997479,8.3603494494936,6.71377584208293,66.7431922577128,364.796772122085,53.8939319801388,1667.99721411217,0.728326034220732,53.340091015833,0.354344500065781,0.473656628769822,0.641869555675519,2.75902063727764,20.3460003525281,0.823694078833194,1,0.809259989748244,412,0.162751262942339
"278",38,3,15.5146594588508,12.7258379380509,8.04104349702138,86.8861652300248,383.079424826118,44.9393843368963,1277.53420859983,0.231230506175792,60.5711780831207,0.498283115308732,0.468718770216219,-0.373064221994547,1.65961764075077,13.3954647687962,0.747270700248706,1,0.728058389261102,291,0.103862877533395
"279",39,3,20.7631509127711,11.9227418610626,7.35163108324903,84.5238099782233,351.450265103824,44.2555224492359,1933.65032053478,0.379453800729809,60.4964552089648,0.86838272169698,0.46059190321248,1.34519279583624,6.15641077529565,20.7906728513628,0.858415922841279,1,0.937106288693188,598,0.211261352770966
"280",40,3,20.4089178740196,8.23255105119777,11.7147920443507,79.9378138518115,253.064943216529,65.790383910493,1836.28278579197,0.481274793804292,69.9657963634018,0.641190385073423,0.112782302219421,-0.860454339800271,1.14929456630096,23.0581077487641,0.824656000697427,1,0.831552127577719,32,0.0417432923724749
"281",41,3,19.6481479273638,8.19981576912736,9.18152799013813,73.616493404273,317.13402670081,68.1682021030819,1751.39984743155,0.60380858721854,64.0038187867181,0.299027758021839,0.151194258616306,-2.3990756988314,0.369385681669459,21.5687500601972,0.825971026889335,1,0.752011225644501,278,0.124997975373344
"282",42,3,14.6747411956288,13.4466662655937,4.43874656520721,81.8926435260558,204.978263475235,86.8054230833275,1154.04443290249,0.302484946910651,48.4912134117696,0.880851042084396,0.403596272715367,-0.0128720228654517,2.94769008868078,19.4175841954507,0.645443120959692,1,0.787500210249698,41,0.0547929859834437
"283",43,3,16.861387312789,13.8180843242579,7.13178260084937,70.0393126036445,285.696185729619,56.9739100513138,1408.6018512899,0.57566533644613,58.4158635721183,0.610388690722175,0.420017462247051,0.347122168341421,2.98241784920837,20.8373323739605,0.746034583395442,1,0.844101537775484,224,0.170519660116906
"284",44,3,19.2710276345791,8.44571760828947,3.41450057658796,67.9742956218528,275.108201981815,48.577252876205,1703.3013335466,0.715952495449536,46.0295378439589,0.737043379829265,0.140332808974199,-0.871648317959114,1.66710159191731,20.8796821879033,0.804117820730267,1,0.716059940670187,23,0.0283545435292325
"285",45,3,18.0874440151557,7.39538947477379,7.81406952309692,57.1712388249904,340.710737384576,36.3750278877174,1591.895191978,0.889144046365146,45.4455427725724,0.760318676196039,0.147241810592823,0.178930234266748,2.39070031386382,24.0902809832522,0.795592621239546,1,0.783315033706271,148,0.111781049536455
"286",46,3,18.6960246073226,15.2469903336374,9.40792890665942,76.54610580214,449.837066266408,49.4999509505977,1696.22082758815,0.505846999896771,54.4656508905368,0.373969693528488,0.341193543421105,-0.127734172420587,2.81549260149965,22.1507668912737,0.843412861950138,1,0.830074542545719,109,0.0509459884196329
"287",47,3,22.9191870977408,10.4592578286936,6.21102075748647,56.4987462644775,340.198780532265,75.8089586960906,2197.36454054865,1.21657784057197,47.4373221172536,0.607378971762955,0.240375142684206,0.560872691029422,3.64222522801933,15.1521317780676,0.887914403507689,1,0.781323160503102,318,0.106639265744541
"288",48,3,16.3632393512007,10.3734997842838,5.43498641585076,74.8053296629141,294.928160987851,46.4562256450868,1360.15744031782,0.46900232246339,46.2025811471136,0.59562826489564,0.472939937049523,0.315907397780911,6.18006744549822,15.614657181056,0.736058503919279,1,0.882966860094424,428,0.18255908655101
"289",49,3,13.7735997701417,10.1522732699006,10.511568348301,78.5307247139124,375.421461242377,75.6304796198836,1070.40033980343,0.338309561219561,71.3515715377772,0.500604007020593,0.503208121657371,0.971627152870528,5.78116612630567,23.7341999600198,0.690690730184421,1,0.95528099620761,195,0.0976471728608063
"290",50,3,18.5473905448608,12.8097203726427,6.07074004082325,81.3166140301565,366.005995540112,46.6586480068162,1608.17074320162,0.399227785035507,50.1614480174888,0.702728130714968,0.547985988925211,1.76795396174275,13.8622522457181,19.8514747181299,0.817298611353587,1,0.990585945035326,53,0.0597231297311703
"291",51,3,16.6248063175132,9.61655552932737,9.81556776212818,83.1745570134618,334.924888874236,53.1549527468432,1349.74327136019,0.318464061073992,64.7796170473576,0.723185186227784,0.515018041618168,1.24979008535558,9.50462138463389,17.3624171642354,0.759662882080815,1,0.974983764501088,1152,0.583933688515217
"292",52,3,18.8920821059237,12.9187843283122,8.42814722733835,79.9220892762968,280.566917903018,87.2138057578833,1682.60880434747,0.438372512989282,53.9283760092792,0.529319424391724,0.449704459658824,-0.148362149215803,2.07795023512429,19.3720174471262,0.798574914021265,1,0.770270146295162,399,0.120132200735372
"293",53,3,16.3752305524188,9.55868909773092,9.76204624549795,68.1233771506513,354.987450148038,50.4074726358115,1376.0569883518,0.59384114326195,60.2229218929302,0.419744235253893,0.26957181529142,-0.118293341273082,2.93796195316995,16.040763940204,0.758139416651172,1,0.816095448739033,437,0.298918077075128
"294",54,3,22.4241109606703,11.0102917725463,10.0050899965655,82.1259918109518,361.440972060009,28.2094223981969,2138.81651665825,0.485090272960376,59.1201472525666,0.728253340697847,0.373754093213938,-0.594133062512859,1.29838955932361,20.725465952717,0.887663607571253,1,0.768417065673872,45,0.0225887301985672
"295",55,3,17.7525880568451,7.93300598785424,10.2798210091355,75.5061979798992,337.511880799757,39.8953578887458,1525.10539343871,0.497901223708866,60.0565306482594,0.860032992600463,0.244105571438558,1.43450120257247,12.0391864606099,17.2662502119312,0.788848086796032,1,0.986302697242491,459,0.180987158207853
"296",56,3,17.0453289879399,10.3409469429184,10.4720717046155,60.0827115555202,435.384450047803,34.1462549790447,1394.02043960167,0.775967726619227,70.3634299867777,0.602249114308506,0.554232526361011,1.54096296157945,12.0924660143223,19.778930166353,0.801632601254496,1,0.991229821115331,304,0.123271073101829
"297",57,3,17.6674770170268,12.4013363217839,8.59080302028535,74.0949051926144,458.367784909925,51.34755273662,1528.64293756738,0.523772590266307,57.3149289473269,0.395755268703215,0.296736953454092,-0.782100547228233,1.43309168568913,21.2561475843922,0.824321675962523,1,0.770684934218903,241,0.091289409806662
"298",58,3,19.7251267672529,9.67318817046853,8.34352204721092,60.7329089929987,260.648283929413,41.4156574576023,1721.55142224264,0.902963200285936,56.8565511881249,0.680809537088498,0.479863099893555,0.927927583944885,5.18906676769385,19.8769405832314,0.809065131459686,1,0.905189452256572,387,0.143000087143573
"299",59,3,18.1946809704056,12.5649517262453,6.08922143460912,66.5720764742107,344.085644510585,55.6705915798498,1549.84486369725,0.698668382622148,48.0580564389392,0.285820169746876,0.585414503025822,-1.24884153467627,0.644167200827045,17.0770865513086,0.800500703184262,1,0.619834584425512,352,0.138981705558962
"300",60,3,14.7487665215774,15.4543927758225,5.57918175788653,70.0451625815627,246.056709604705,74.3573226931061,1155.98489499152,0.502794109177654,43.7426326229629,0.301875276863575,0.288600291614421,-1.463172566735,0.924750568638109,10.848541305185,0.664701443219259,1,0.532984828356825,155,0.0803082674387417
"301",61,3,17.9907584643471,11.8838484346618,6.79723400432684,70.3044913878469,287.318639391637,35.3555965698236,1545.37905339063,0.61275660877361,49.3791253016569,0.20030315592885,0.101749251503497,-2.23006048833486,0.580721166742273,15.3340908781986,0.777081808761026,1,0.604032209573621,171,0.08698374651349
"302",62,3,19.5204843353241,9.50277192544088,7.72836772684023,82.4158058555487,293.928022458673,34.8743825338145,1701.14128519776,0.399250994540281,47.1131909943907,0.638209908897988,0.335315636266023,1.35522823172613,5.87143821681446,18.2910186182559,0.8175683097174,1,0.889866494179394,265,0.162381138734217
"303",63,3,18.0779818257451,10.192957719413,6.02545443015898,74.4767532373,311.549288482206,46.1540073144385,1600.81556449719,0.529558953975667,47.978731560058,0.626178195280954,0.323690689075738,-0.843998908588722,1.68685414791125,19.6939368746152,0.788117195745224,1,0.717098622998675,137,0.0488989939534466
"304",64,3,19.4701442832289,9.13213811739652,9.66385002923654,67.5031059297987,425.488476203916,63.2422510986804,1745.58400049045,0.735540721940564,55.2213824049929,0.638472085096873,0.309304858697578,-0.518312038864798,2.24088820417529,17.2818702000499,0.850950686640187,1,0.767277440164672,501,0.17904711422895
"305",65,3,17.7070547460023,14.3573357349031,6.40988096716904,69.9291245299087,270.191514765365,55.6404068525552,1497.28411102673,0.609518725081145,55.1750808432847,0.30928494753316,0.532795122964308,-0.0706827917929557,4.43149979306799,16.3314227022617,0.763517257454678,1,0.858303886516722,36,0.0478288598867744
"306",66,3,17.8842253292374,4.08244076173975,8.68092922403165,70.3982057118795,350.865665367335,51.5667633268045,1520.75036189692,0.60674297247523,63.5936213798037,0.481335844635032,0.144657424674369,-0.761300554415091,1.15329362138768,18.3782655097054,0.795775204101671,1,0.763634512190274,39,0.0552736271021703
"307",67,3,18.9647389322091,10.1617764783982,9.74085964069383,76.5057683340747,367.227864597665,73.5762414162435,1638.94890160964,0.515294759387017,53.3706158003607,0.564566013240255,0.31763475460466,-0.247649204778373,2.50329119821292,15.7863810174743,0.826145875305962,1,0.757941153422282,95,0.0612255576070391
"308",68,3,19.9858872735515,10.2202756092344,5.63567798950724,79.3172477957035,334.520930823052,45.9703850271778,1808.85235208689,0.4833568009148,40.4373926006375,0.665203767549247,0.525841055810451,0.892654538341807,2.90617974105537,18.844855153098,0.83856515809895,1,0.736376280642745,403,0.106584787805337
"309",69,3,15.5072090039359,10.4268966526253,10.0457879514699,71.6329274427439,353.595008393698,77.7278282912417,1287.28987794161,0.499945273778263,57.7123305921888,0.241477609775029,0.159403720428236,-1.13950881555901,1.13233623023771,16.3954020936933,0.733660300620052,1,0.709063672571178,72,0.0524043842212927
"310",70,3,17.9330249503088,6.88436077473536,3.78313084751333,72.2842675201833,280.974889459264,27.3410529460665,1538.34398764947,0.569831694309246,41.0509171965075,0.730451369658113,0.246246981341392,-0.0126357093672407,3.31857865722719,14.4597739981316,0.77366280991746,1,0.721133239777935,300,0.116743705303407
"311",71,3,17.8580756375,10.4324230925155,8.45952527539865,79.144643106906,292.496443015703,54.2159184304106,1573.51046277007,0.426765748016805,56.0189743789389,0.784085976728238,0.471211675810628,1.74913923098043,16.1639418902687,17.389777353473,0.776716577574795,1,0.995500326738443,118,0.0649714136254031
"312",72,3,16.4821586925381,10.3753276340529,11.0234215831075,68.0448990318942,279.170820697159,63.5644019798006,1368.28268670826,0.599369071754886,67.0599260031036,0.87869732696563,0.385560658550821,1.58693227660917,6.90735755799821,18.7229247537368,0.732372011245204,1,0.953476236850738,449,0.186700993909325
"313",73,3,15.9312812781217,12.5172442504272,9.11087597830135,73.7146326867614,188.453760321711,67.0798614144198,1319.49781869436,0.476005340879599,52.2522504334697,0.487341071874835,0.504923490947112,1.3372120514871,9.32583412193096,16.759396604865,0.678646693791257,1,0.960957807384564,272,0.12270131844369
"314",74,3,16.7385360920584,11.0470355618179,9.82975760249874,73.8590657071597,357.55922569129,28.2149278446151,1442.11525903784,0.498371227613856,60.7215392830342,0.403665946144611,0.494575190031901,-0.2277579547919,2.23957803342885,13.2738645380213,0.769584049265559,1,0.760825900050691,396,0.123339867119556
"315",75,3,19.173615440026,12.2309085549599,6.89320675144097,68.8783122572464,295.072299026487,40.6047001768683,1677.67060381603,0.691534608721358,47.4852106028714,0.807065272051841,0.155023431545123,-0.517337814028782,2.02640833869015,21.3780676435603,0.808226217415988,1,0.750518998998204,239,0.0725770816237911
"316",76,3,17.1673546876327,8.08499551565906,8.59675217902003,69.7215954294639,309.421769973821,21.0188663603464,1463.46039170354,0.59315911914292,52.7788335974308,0.805325800692662,0.24115191437304,0.552405920746475,5.85905749941298,22.5598449981586,0.763184847835279,1,0.921945190355817,136,0.0617527114498691
"317",77,3,16.4302243809894,9.75118884028914,10.2127590793043,72.5407564766925,359.915549813535,46.4140761453259,1387.57379289987,0.513342509175348,63.3838104364204,0.687600785726681,0.288533493317664,0.767151509535131,5.1087621557745,17.9408208119982,0.762028140663135,1,0.91142696512902,375,0.124584628774989
"318",78,3,18.3268326389722,10.3834756580999,5.34170083033517,67.9445803983519,322.99301097035,42.4959274934981,1586.53283715815,0.675560816190997,46.6455766903109,0.416335110366344,0.173060349794105,-0.159923078292759,3.96619063148584,13.5240156758912,0.797054968670347,1,0.779958624553144,562,0.15334916466418
"319",79,3,15.5265715297813,10.5444345012067,10.003388257772,74.2372387300126,313.31298242698,64.8120759555366,1267.64730333399,0.454610565588192,63.5579560467948,0.778060051170178,0.472540799202397,2.28243313675257,13.2505323391241,20.5581668889372,0.718579685474908,1,0.992680063212055,1,0.0317228754465594
"320",80,3,20.0917475524733,8.61237107265349,5.18139225248518,64.7922450154072,288.250917686108,56.2313184086368,1822.98829555969,0.828214697943243,41.4257249448852,0.803172794706188,0.125068477145396,-1.19727515311599,1.55651167102317,20.6391931883381,0.825941914345578,1,0.677364189529208,64,0.0413689415731705
"321",81,3,17.0308091675626,12.9583438417043,7.00243795063746,78.0046798717185,416.951735226786,45.5582552127158,1479.26066176703,0.427182464933086,51.4409996198149,0.698089214460924,0.209700319240801,-0.277976121544897,3.05315257108964,15.3982643233714,0.79761231162497,1,0.773659084003154,122,0.0896070123328425
"322",82,3,18.3782576233613,8.77646595671446,13.2455137049769,71.2461570192292,328.370635600003,70.4333260886832,1632.96377475983,0.60793797173682,68.8444501393814,0.624670503428206,0.16668458878994,0.432209749242309,2.35966511774131,17.5762094043381,0.800458490749878,1,0.839167045368281,472,0.200636701900324
"323",83,3,18.1020126631499,6.7713800512813,9.02133113205706,81.3914656289537,327.175021845541,47.835553074219,1560.39842853916,0.386675193112004,62.1821842362352,0.608492944925092,0.34171166063752,-0.512511000019053,1.63200296525716,19.0413091689654,0.794812971793152,1,0.787032819032273,463,0.207523706845194
"324",84,3,17.9995186622271,10.8049802211813,7.8183136115616,78.4103055940697,378.79194532032,69.7359181331672,1578.21946674056,0.445741380845922,53.3153319009438,0.772206919034943,0.459480415936559,0.765218457353293,3.4858784210818,15.0472584500442,0.80840540786756,1,0.801800608259958,144,0.0633637653235656
"325",85,3,21.6187640848857,11.329110894579,9.95753135842176,70.902943894452,342.763060875932,59.9991614966768,2040.83431988295,0.751856311740208,55.8879206638531,0.854719988978468,0.302495338395238,-0.0139334544322414,3.65048674422144,19.0571081072734,0.869695199784393,1,0.848725410554526,5,0.0359039277214346
"326",86,3,16.3493440857801,11.8882541419899,7.51238268622337,72.2198757041941,267.187242834379,59.9204566398918,1343.05144439749,0.516673428616677,56.1311262651346,0.238983022049069,0.443458794988692,-1.25642931807003,1.68471936464871,11.1436280764775,0.724343292221657,1,0.678422352332973,72,0.0613991728827921
"327",87,3,20.290940904456,8.10747840458342,9.24361791842727,79.8751419710958,295.612821677207,63.6008055887142,1877.4903946958,0.479274801405354,60.3574237921596,0.432695957482792,0.315864283731207,-0.986810207136648,0.496260565672119,16.769976343402,0.834200670514392,1,0.689567841989704,994,0.585379431242426
"328",88,3,18.0631463751065,9.50342310152221,7.31080956030736,80.8837145442936,273.37249041868,40.6910081105842,1526.45760471986,0.396257063389597,56.0094704472106,0.851422564079985,0.471072623529471,0.752741788170204,9.56095555462711,18.3478028484732,0.775627829355176,1,0.969703581139318,82,0.0559177203114871
"329",89,3,16.3295883893866,7.34312706292184,3.28955090831702,78.8136684853866,218.989878334111,28.8263556976003,1332.63967612103,0.393542058006609,40.7213850460544,0.268019631854258,0.315875485911965,-0.699686784293202,1.62057437135107,16.5287810920043,0.705094388215678,1,0.63047449000012,394,0.152421599299003
"330",90,3,17.862472701967,11.6895274841978,8.94477526670729,77.6262861342556,309.981046393883,62.1536643033799,1547.61010893188,0.457962809673216,52.6460331095136,0.814891892299056,0.254433388030156,-0.857111931633479,1.4269178195097,21.2673884204249,0.782622414849991,1,0.744753920855994,280,0.111013919999223
"331",91,3,19.4935433740249,10.6953934648773,6.97703961042617,60.749860197971,355.636893746965,30.4850299513495,1688.09393207459,0.889687889026123,43.5041379316889,0.884907410969026,0.550396939879283,1.62883966040295,6.58295612646721,18.409923281647,0.831978937026017,1,0.900295042973581,639,0.306068403545724
"332",92,3,17.1489625312108,11.8275251728622,6.85279560048777,75.9551713707632,288.91045155505,36.4458229731711,1467.48474550913,0.470494280434831,56.0611682807073,0.240662770322524,0.417045700037852,0.0979306051290474,3.05608867759474,21.7092235249968,0.756087123005039,1,0.843449690006574,24,0.0467134372140038
"333",93,3,16.4558355296131,11.2165491067614,8.00759440745721,63.6536370238679,346.471901816458,46.7188480302675,1310.76895501065,0.680593176099668,58.6990201380523,0.472610010416247,0.532102633873001,-0.582997396285003,1.42350587015733,15.1724506065638,0.756593899652888,1,0.720439939106245,168,0.082402002451221
"334",94,3,18.3055282134958,8.78490402439103,10.6851018590556,75.608275021231,365.336051902967,58.4688199577139,1574.38984261744,0.513363728172207,62.2487244341299,0.806830996484496,0.370200076280162,1.11477968994999,8.96783047501729,21.4816754933088,0.810915030109388,1,0.974216395617628,59,0.0481603813897754
"335",95,3,19.9771936903576,10.3593161417437,8.59092302311883,69.7133340623132,313.222348389359,59.1388458765737,1768.70498987131,0.707419814041706,43.7984689443847,0.780835763318464,0.441154110152274,0.225781047971249,2.1653391812716,19.4090924942703,0.831280113941516,1,0.717888209534979,610,0.266953049110312
"336",96,3,17.8530833306557,6.18318116116525,9.68357388721087,74.1559516315322,291.522476737326,22.4596869681851,1570.38963727042,0.52868379154913,58.5693213738299,0.879191453964449,0.223250609729439,0.400019275358602,2.73280344988654,20.9249413449065,0.775539661956,1,0.835231537146444,202,0.0679190545609864
"337",97,3,15.2259468928805,11.0058925153782,9.25812859644094,65.5593128993046,277.872684178404,53.662199145021,1194.1291406786,0.596126484715202,61.8696176806062,0.465772915747948,0.308029350731522,-0.350461750682817,2.38495281551004,22.3586913450282,0.69334244204662,1,0.84415957009822,24,0.0524215210127458
"338",98,3,15.3866481912493,11.937798306957,8.20319679892613,73.6851265082981,303.237737849722,23.4295724926264,1285.31108598663,0.460203845546454,52.152014358044,0.448794067744166,0.375765656260774,0.321845822668282,3.42269312010902,14.0815119122763,0.710140095646859,1,0.785067210850689,476,0.231040782782784
"339",99,3,16.4632093498441,8.24852574845334,9.34224174932202,87.1555261945408,413.852584953353,83.7591540417768,1351.22905163749,0.240628329917331,59.5850066347429,0.621328351204284,0.124153414531611,-0.3935364113997,1.81257574054992,21.1924844274494,0.783734151466678,1,0.800743406020722,1096,0.561735912989228
"340",100,3,16.9457837492511,5.72795092260399,7.72336725087656,89.6013206253892,325.465616574115,35.8548671931088,1423.3482834977,0.200872749327324,47.9825185894495,0.487153104064055,0.158481360902078,-1.30638020556441,0.69611649986683,13.4935354413888,0.765803281680112,1,0.580052102091083,130,0.123398002367948
"341",101,3,17.9571458699168,6.95434483682997,5.50137549369519,55.0908811987717,292.268721138527,75.3033418429429,1529.98510013648,0.924727398729813,49.0721048982482,0.690518583962694,0.187538598105311,0.351547388193725,4.10293505537212,19.687070102537,0.77575894576589,1,0.843881555473204,169,0.0700213285115944
"342",102,3,19.3409961419926,7.77376358422786,8.69527048843072,61.7654219968821,292.973674890326,44.9178211034996,1753.21910248859,0.85848565683427,49.4283494654105,0.317554759001359,0.25098344348371,-2.11327974830661,0.423110122855871,12.0458174610506,0.810422429339302,1,0.552820776423393,196,0.0950301914010614
"343",103,3,17.1307659228552,12.4819677910718,3.44437268165679,63.6331577490247,324.385796924648,59.3107038728325,1415.85506657729,0.710784578030912,37.5742049595587,0.2208400454605,0.533508264017291,-0.0494513858946287,2.43823727581683,13.5501647842493,0.766733033652185,1,0.630929296148141,176,0.0541456418356547
"344",104,3,15.7722404333743,10.006963870126,6.02758163761274,64.7896274699853,327.881180541717,37.959183697139,1314.86607695875,0.631177426635489,54.2611197608372,0.470686604548246,0.409728759457357,-0.73475835709026,1.635563082798,15.4134014310333,0.730340601877073,1,0.708719394518738,158,0.0715230015393645
"345",105,3,19.214211989757,7.52441082801387,7.88091731289559,91.6328063949804,400.738183933544,51.7489082478328,1735.00563328953,0.186392686364599,52.5319011677041,0.640760416700505,0.192147481744178,-0.996690847033193,2.03876974470459,11.9507578603806,0.842394380820495,1,0.686783799416233,41,0.0360325541881324
"346",106,3,18.5509139374792,11.1113982377961,7.67848101905175,83.1242881654583,294.598311675659,59.1210108813467,1614.80521503807,0.360680841948192,60.1402473471133,0.380839839857072,0.467140736663714,-0.150851006202522,2.40296947659405,15.7943308145727,0.795337859472341,1,0.78831773148736,208,0.0690740156584985
"347",107,3,20.3146941388295,5.63370130128021,7.15927695931942,74.1230974705997,378.616537026081,72.9191275318308,1798.73655900996,0.617164793344605,53.3046818779499,0.320882330578752,0.288849264523014,-2.25904776242142,0.319802611862806,12.5440862409009,0.855666067718563,1,0.579881157462148,529,0.144111413300319
"348",108,3,14.6350382810435,9.5059510858055,9.97718203265723,82.8521510482345,282.141175697276,40.5938600912316,1177.96072407297,0.285723013006877,66.0907725466317,0.30484649813734,0.339923994289711,-1.30032123323239,0.8498413934567,4.3944034423019,0.678766557935757,1,0.612396198046851,376,0.0842501394789119
"349",109,3,18.1746381777897,12.2257138551729,5.86077241778274,93.090777654485,333.18507086006,26.5359988103153,1551.8469760265,0.144226260449446,47.2495984373013,0.880065682879649,0.53128227465786,1.04066755542107,4.60524624686774,18.9029463053057,0.800080380978031,1,0.851220915973847,380,0.123424834139186
"350",110,3,20.7067237878853,9.31665352598183,2.77271306596978,80.0967193904285,299.259650894527,31.6162700176491,1858.18448376669,0.486307714212096,41.72343757182,0.825353340920992,0.374713890627027,0.182632292171821,3.68619712975118,21.1329059743834,0.843575449972867,1,0.804428738951493,1,0.0279729249221919
"351",111,3,19.4483476013667,12.6108766842821,9.56090379532431,89.2042923427759,380.354302652318,51.8895074767117,1713.21520884768,0.244021183098489,61.3490263923693,0.726497566141188,0.148011260572821,-0.0169294463009744,2.1162829714362,15.0554665169669,0.841335673260242,1,0.773490939338042,401,0.131796812642481
"352",112,3,16.3348943484716,13.5906477428816,8.09021014710814,65.8199876202416,403.838947980037,53.8899623159691,1332.16261552587,0.635117976927651,52.3635958949675,0.767374733020551,0.435458516376093,0.968851941124095,5.24277546449568,16.9653217423886,0.774257114202948,1,0.879955264719383,100,0.0837724465812208
"353",113,3,19.4650569735368,7.66432954505311,7.78302168220487,66.3654192499636,412.121664845194,45.8707023675121,1785.55665666875,0.761050630879708,61.3291922063195,0.822369533893652,0.579682157863863,1.86661980129235,12.2013030862905,19.6284395999459,0.847297443316176,1,0.988812290117432,326,0.122496960830631
"354",114,3,16.2561462600056,7.69542475003597,7.21755137985807,83.5435988703394,361.071694853142,50.7465082326445,1369.16150081908,0.304254971483131,56.1051931670324,0.315365124563687,0.104277862957679,-0.483644614830083,1.52352335736967,15.7307751204755,0.759217658787942,1,0.716415782613094,720,0.243810550478268
"355",115,3,17.0932049775404,8.1710890613087,4.62600099134281,82.1340255309141,289.678846018894,45.3395341257389,1461.34383592908,0.348358383137507,39.7551524612874,0.473471588874236,0.32783097520005,-0.466094643807481,1.80513048795764,16.1043045365876,0.75572891171294,1,0.631674913048545,81,0.0452586957992589
"356",116,3,20.3750685572582,11.0574560650673,6.09459108969664,81.9607720795177,312.546014472333,43.678468281796,1827.7279580556,0.431842683686622,54.2300131756813,0.595700075826608,0.443249422148801,1.6388105718059,8.06507807370939,21.6839064905766,0.840784747798663,1,0.958138233372765,10,0.0604756550437181
"357",117,3,17.4197093764198,11.6701578540972,9.01482822420679,78.8860997189485,338.08008471073,83.6931169266931,1521.88539272345,0.42027738211976,54.6468103367109,0.573318949481472,0.103933918429539,-1.90770027297159,0.630466988597659,21.9982544716336,0.781137152720239,1,0.716762165864385,154,0.0426228284121081
"358",118,3,19.6570922899309,12.4182739481831,8.03763219801344,71.2312504572316,194.757971189525,51.2998605948874,1728.3576578578,0.658762494396929,41.0226664735777,0.807667713752016,0.331428951839916,-0.379824176287566,3.38147340682045,18.4735610800299,0.787802384141145,1,0.762928054304195,168,0.0747105413956506
"359",119,3,17.4175445824417,12.5989450907216,5.16217925282875,82.5970399505644,405.223823761586,68.3527081321331,1483.80024380254,0.346362839624496,44.3773023888014,0.641108355857432,0.175331785483286,-0.949005937274354,1.14900663748817,19.9844122025195,0.803643648813346,1,0.662675862053934,165,0.0491721228363062
"360",120,3,14.8472751905042,12.1514646084198,9.19634386270447,89.7818207303366,255.861239160848,89.2734922986756,1214.76259093864,0.172605832471268,52.9558437105833,0.838605463714339,0.527099193329923,1.24699210204414,8.76722506362697,18.3729380877989,0.675224164440927,1,0.958412942672151,717,0.306161821210736
"361",1,4,16.3023686061022,11.8796020470286,9.57275924348646,84.9232594309659,292.438886179871,30.119285341191,1328.27153578917,0.279569415434407,56.6792426890859,0.653539923927747,0.294597230758518,0.0403265234906784,1.93477035740848,18.6991170027126,0.734787565542701,1,0.771317275111086,30,0.0322166604268073
"362",2,4,15.8229602760856,10.3267493868135,7.73073390819552,63.9534862531901,399.899966572951,47.9336176673801,1299.87542298371,0.648266110069898,50.1807204280409,0.344907999085262,0.213317783572711,-0.0984828671672003,2.38849703452595,14.8116901693953,0.759019843638957,1,0.723633113285585,51,0.0604964331041718
"363",3,4,17.0314188577657,8.22372288271922,7.96722696476935,78.7974150183319,344.586576661865,49.9599652324192,1420.69797855912,0.411802253206307,41.6823921919249,0.318285317649133,0.558561440464109,-0.414753339300574,1.70872789424549,13.8218786325649,0.773365624367663,1,0.611633571297598,406,0.107364076607305
"364",4,4,17.3273775819809,8.5476780344873,10.8182808164702,75.0987708639016,348.340190253261,68.0886417527658,1467.65832294045,0.492781755588636,59.9400335747513,0.771900805644691,0.196881389734335,0.818960282335658,6.16139111739378,23.4355010917832,0.781781041471431,1,0.943661713388196,3,0.0536815685783594
"365",5,4,17.6932842186767,10.8151940112275,8.78967739760453,75.6967994982858,275.018082240381,45.0732638645297,1521.57891397722,0.492184048575632,61.1833840055757,0.487042445526458,0.52867995519191,0.417848153358876,3.89706365739108,21.1587019728446,0.765727507309947,1,0.887210169244633,121,0.0938729925444583
"366",6,4,17.5135055428503,13.3670726785036,10.4397502561449,73.5410544498934,223.898506158541,54.7142835096436,1495.96439086274,0.529800185116763,52.8946499020484,0.435843717167154,0.180074503552169,-0.401143086966695,1.98935614775676,18.8015627902235,0.741471509666248,1,0.754678915702683,323,0.0758958192807915
"367",7,4,21.7844040832002,13.4119596471292,7.90984557425405,64.8746378733975,272.513160465182,52.7219788055605,2043.09944238176,0.916856493554064,60.9825805533835,0.277208453509957,0.481126643391326,0.211921979489671,5.46215711302642,9.6587047256385,0.855203813259193,1,0.875562154799986,59,0.0440234727179121
"368",8,4,15.2280033254292,6.14766659834784,10.9589756896776,77.6502713035259,350.120632858419,55.6217613805519,1246.13759695822,0.386897800195979,70.5245115250576,0.868001138279215,0.426076191500761,0.0314867554222865,2.5837046222126,17.6456799727822,0.724913322281012,1,0.854846576133673,399,0.103961724275691
"369",9,4,17.1703513985844,8.33200396954307,7.84863242661522,85.8138290478932,363.031716231256,40.3621220347612,1484.97895252137,0.277962225005685,48.8107943461947,0.850279891025275,0.428679305384867,1.54053463646884,9.7278281387203,15.4873330930079,0.784231410241967,1,0.959185180946777,133,0.0726201001704952
"370",10,4,18.6981630562137,12.8382650326664,9.83549691439911,88.0925258901015,322.601311437015,88.6317997796736,1669.17271053815,0.256851401449152,70.9797820357331,0.312666918244213,0.280435797316022,-1.31054617539731,0.969092430516978,18.4958815548591,0.808400914660037,1,0.793297093419448,708,0.357939508150356
"371",11,4,21.2568845316308,7.87178056996152,7.31044257251517,78.8394578308215,296.35133921335,32.8896423166664,1990.77706349043,0.534800273440173,46.4342526216409,0.48727120058611,0.330274211498909,-0.608315422014421,1.51085487935835,19.1704134067673,0.853190039460644,1,0.691001316540626,11,0.0512268936147368
"372",12,4,18.1770437914272,6.7728450550391,5.84599468789216,69.1094727099371,342.800289524478,45.3537931549128,1588.05430262135,0.644920371241265,48.2563389471906,0.834662877232768,0.23585562154185,-0.193595520905304,3.04440675562879,17.2824024470299,0.800010555278051,1,0.772965480605414,66,0.140384699525018
"373",13,4,20.4783014168011,11.1996221773949,10.0032094547166,70.3358670446912,282.654322845709,56.2436457078876,1877.00146460992,0.71466977585183,58.0374666229554,0.731589647592045,0.25262872132007,-0.0134786840939478,3.40426330869402,21.7870359082909,0.8331984500747,1,0.864333003432072,135,0.06752538482993
"374",14,4,14.7108889284926,13.4659294107741,12.5920080815427,70.1085441443889,350.683232360443,56.4729585605073,1155.08734107718,0.500505605495719,74.0734573036247,0.295366394566372,0.29132031314075,-1.88857002389008,1.08250131780082,19.08476691924,0.708473052855111,1,0.817752260086241,342,0.126933337641489
"375",15,4,20.892713050757,13.8690091249155,7.34824376909997,79.8268003488871,253.917616602084,32.4629464094885,1903.64619422053,0.498574988996297,45.7772583138986,0.509318933379836,0.167574971355498,-1.27990492429073,1.0098390912654,14.790352804301,0.835043110831001,1,0.602474705771309,867,0.390760981693559
"376",16,4,16.6188796566696,11.0656411513416,10.9377122570586,73.1138932851415,431.684935974049,47.7474141294063,1410.34107316852,0.508695902364776,60.5033638815919,0.343474933994003,0.222454791911878,-1.10485144129364,1.22864787254281,16.5615852792891,0.791807303849336,1,0.733367286365902,85,0.0717551132781072
"377",17,4,17.4471378290923,11.4393315120396,7.52618213365228,98.2337287329871,157.700652656939,29.0131682293047,1483.52593661218,0.0352190209180309,45.1363269457227,0.745395714021288,0.522175847226754,0.946002818712181,6.47620731528173,18.5457286393702,0.71729093975268,1,0.902405112378832,388,0.132466289327332
"378",18,4,15.7811624802011,11.1201867715104,9.84698623578086,72.8536697654767,405.076268982051,63.7600882052458,1282.50693417302,0.48690014012386,63.7320315382877,0.514786666212603,0.190877745416947,-0.19736709212541,4.04201834759549,16.0378248408863,0.760941993679084,1,0.872856821358396,25,0.0474296846111475
"379",19,4,18.2677386328589,9.96382613668007,6.02161638659718,76.1847427872243,280.68143011304,36.205616814877,1600.31214259861,0.500044135316639,50.9267248195123,0.649772644531913,0.371745530888438,-1.09490823009642,0.974309259870157,16.1080276683155,0.782708724366551,1,0.651467472342109,11,0.0425168864280093
"380",20,4,21.5706781034631,3.25652183489897,8.55129255657342,73.3456401373177,395.13698284533,33.1070965754354,2034.55890646599,0.686716031059377,55.008340128976,0.617435476346873,0.133940558554605,0.00125082941021395,2.77098121459999,19.2763415127502,0.880629725913234,1,0.809283559851572,1024,0.459290291560076
"381",21,4,22.8443267105032,11.5214064895195,6.47267781287793,69.8595188923876,232.3827540696,49.912474417079,2099.56251466822,0.839112309575133,45.3980900715217,0.796607880527153,0.51823627287522,1.54483875037085,9.18202318744384,22.8879249292938,0.865046153778186,1,0.963064452522268,533,0.269209325683984
"382",22,4,15.8463421957632,9.21754629551358,5.29577603160006,81.7805745910765,300.1559073924,31.1580052762847,1287.41201323576,0.328151342187123,41.021032813964,0.861569539178163,0.288601077883504,-0.0879977984367241,1.93752554343993,20.3555719382915,0.723949354488557,1,0.696284565797888,227,0.105858749057843
"383",23,4,18.9718822208062,12.0198024476237,9.31004882045601,70.7794229887948,332.649067431619,53.1918721103811,1688.07341703929,0.641175407300034,58.3884822453669,0.772964648483321,0.594720650487579,1.11161364961968,6.87370787698763,21.5431426969546,0.815391869125791,1,0.947395948139059,333,0.169235718759344
"384",24,4,20.7770434774886,8.7460537058525,11.2192935207099,75.0189660568651,259.430044146666,41.6657055579548,1902.82544988652,0.613022656852011,56.6651039203689,0.287634945544414,0.540058263484389,-0.493607867567433,1.29124958124545,13.6229242048633,0.833535705959654,1,0.683190740653781,74,0.0507447248201211
"385",25,4,17.6086863654309,6.73084526099627,6.42298606824418,72.7449581315897,287.913401229736,40.5753486643479,1470.59937837822,0.549027984920264,59.5553767039901,0.680267920391634,0.43401524159126,0.595411748028443,3.3333539479347,15.5582702883563,0.767664196235944,1,0.827009714218226,472,0.183038482495714
"386",26,4,17.5636504045876,12.490485304061,6.23224777494801,52.3722027809016,349.703496493156,26.0749781989397,1485.44662101301,0.956696828018408,43.1868121190194,0.208525665616617,0.400688824150711,-1.65956504621033,0.739469929897185,17.2788747795674,0.785108163475706,1,0.594208088770693,32,0.0577703978656439
"387",27,4,17.3904440909071,10.3627548931108,5.85497077641284,80.2074425306216,352.909642986929,12.8532425821616,1453.20135632854,0.393248056108542,47.1943086641901,0.441398311126977,0.319652446685359,-1.25693679890603,1.54529016972048,14.5228069034285,0.785608699337014,1,0.646926550195703,362,0.0828001731748442
"388",28,4,19.1956654482229,16.9906085279712,7.08371803710432,76.2620733689067,246.335443146863,66.6544311762027,1702.11291587698,0.528189946568486,48.2515005843251,0.258012950047851,0.438852867367677,0.430576831990787,4.66737813801116,16.7808129936362,0.794275601689884,1,0.843802747559157,1051,0.610109207988724
"389",29,4,20.7948588216315,11.8311838266538,9.33129403115645,68.1725038186771,259.603241338372,76.4077639186404,1934.78995281551,0.781888143058741,56.6974943803925,0.429699070868082,0.521861842856742,-0.483836718654552,3.09598265666076,13.9780511074158,0.833016685760408,1,0.790612636500638,255,0.0980866952071939
"390",30,4,19.3752395224799,12.0970130348525,9.42445642483745,85.9048006877926,332.43003209659,68.8474961974841,1724.98128142844,0.317156177703228,57.8731432305855,0.571643614582717,0.109174008155242,-1.28062693552791,0.754538137642346,16.696772648791,0.826132225372794,1,0.689416836023526,52,0.0632335651979837
"391",31,4,18.6403760285939,11.5276498738697,8.88590845499832,64.8968306306307,405.044070820349,48.7769915297054,1630.4823864168,0.754464619375928,59.3630404559777,0.698990636342205,0.264291719673201,0.170291190939698,4.52821707831209,15.1823616070367,0.828632440749341,1,0.869718762360118,574,0.25240350359753
"392",32,4,17.3962601484455,8.7932252462812,9.51917462411836,60.7764276342341,364.825363793315,52.2090737699533,1555.15546809113,0.779599211813879,54.421520368166,0.672256459784694,0.104355821409263,0.193279322530206,5.23311712305048,17.8188109580189,0.787162506319426,1,0.890271886499417,20,0.0528745631275464
"393",33,4,18.9966973711159,9.25914067459445,7.06224466796175,69.5046428393955,228.834015659088,55.3189633931356,1661.41627057063,0.670184259343566,46.3297717164722,0.348804710689001,0.434853355889209,-1.03025234905932,0.88532982149921,14.9795609409267,0.782511946466787,1,0.599761185110204,244,0.0628475922114569
"394",34,4,16.9009261641665,12.1196518766673,7.65458004423233,65.5253158216539,276.795755640541,44.9428834495845,1431.52582235308,0.664060751596717,56.9032159353126,0.262335224146955,0.243705116584897,-1.12401772207446,0.611601745932673,19.526531205958,0.743104635997961,1,0.70410098546612,393,0.165343659203754
"395",35,4,17.4414869927255,12.1102210596788,9.36409979877161,81.3174184138212,209.707277936232,57.3898092748472,1482.93622550081,0.372393233426644,68.1502283447052,0.813797887135297,0.585590306692757,2.27100736259305,15.4219884458474,20.2871670761485,0.735117082616681,1,0.996616521488641,122,0.0812295547809975
"396",36,4,20.1930268862235,11.1659443222406,7.43684534351691,75.6877101676021,367.06375186118,62.4480019037581,1795.94477542546,0.575506526550004,55.906127003647,0.713834637915716,0.117591294134036,-0.17451753214174,2.83895591270802,18.5804360838789,0.850694848440962,1,0.811210109370187,83,0.0569540728878623
"397",37,4,18.8840261763576,8.02686512892092,6.07675485213636,72.0395084593648,267.736871028374,64.2141730940481,1684.25887271563,0.610170403155169,50.4524861680481,0.714808236458339,0.235279784211889,-0.0261944988757053,2.95158096726581,16.1143753300798,0.793092963637499,1,0.769371834432454,477,0.206889948259991
"398",38,4,18.4820325880522,13.369243623488,5.24469971053489,75.0746909363446,319.348021219008,67.4814325169904,1602.15943524127,0.530430118109626,46.6784446768677,0.594800960458815,0.474138121143915,0.693145297833003,5.84519802349251,19.4238581586232,0.800557713982112,1,0.89331947539928,461,0.16749377796694
"399",39,4,17.488784689289,7.26631790863474,13.3951732732767,67.3915232666174,356.548493492946,43.6825045056436,1524.16734449597,0.651917123593364,70.5714783309597,0.682535461103544,0.187063033715822,-0.0823826744887674,1.68111422853497,19.5426492072569,0.787569710920999,1,0.831824174719203,56,0.0344736674815542
"400",40,4,19.8620658029698,9.13357130277777,4.60056988887414,76.4537416911824,312.016901116474,55.0190413465548,1771.20681421224,0.546072890953473,34.1577640569741,0.653093551960774,0.525137394689955,0.183217685163945,2.59296187012355,16.456883041414,0.829416956774469,1,0.651460599016871,52,0.0657142405160005
"401",41,4,20.6698251707509,14.6501169874303,8.0586333055884,76.5227187522628,269.028136227196,48.4066601754024,1876.124760793,0.572331430729842,57.0378843852206,0.569872746802866,0.17147254399024,-0.35989125899833,2.96975933895261,22.0983880385898,0.834192510604143,1,0.846444651426428,95,0.0680523213824636
"402",42,4,16.2614564722491,11.0482443623022,11.8686286723025,74.426089844815,326.908323510454,30.6937027067278,1326.95783445381,0.472984552870133,63.0854251659232,0.652471519075334,0.508567386446521,0.216791573849147,3.32509999892096,19.9340595504162,0.7453788267102,1,0.868389750108905,45,0.0732830439037542
"403",43,4,18.1109739093302,11.9414668328172,9.67502175035593,74.9771863195952,240.11977075928,36.3791020992507,1563.55065144024,0.520253228958494,60.5164410718968,0.783834319352172,0.546224161074497,2.52157060920277,20.0236784054931,21.8628955364794,0.764241434428829,1,0.999008937625286,274,0.0730394865898146
"404",44,4,18.0981338263838,10.7539467943052,7.62930733783067,66.1342483047002,462.467496303901,45.740963769815,1583.12078108102,0.703540374845145,60.4014147240934,0.442033787048422,0.324637939478271,-1.03827300164097,1.290140738063,15.4516203581645,0.833621403254436,1,0.725451378830441,79,0.0481710504894053
"405",45,4,16.8432885432782,8.00813320691569,9.06665835552877,82.4815341389888,170.2498149613,53.9988868759877,1361.36006433194,0.336213913593087,56.5071527411334,0.635213049175218,0.462425164785236,1.58613128247454,13.189350392325,20.9935769725378,0.701310122846551,1,0.991001860237635,366,0.091158251910044
"406",46,4,16.002522688008,8.80503417390391,11.5699124840295,63.1132843861014,452.220569243713,68.3647896343592,1290.32202176367,0.671033968156502,67.6150200086616,0.664236706518568,0.100942813348956,-0.207137783680119,1.21333967259114,18.1270803743397,0.782105421902635,1,0.785634053919112,182,0.0644616803085406
"407",47,4,17.9951344399868,10.3305028461603,8.37925563966026,92.8283351874121,354.28381562415,62.3228829023859,1567.93080549244,0.148025562578618,51.5872290473321,0.511155836191028,0.549157522409223,0.82420674162891,3.25554661845996,16.7925035600465,0.802487875594255,1,0.79639379739137,265,0.117967888336709
"408",48,4,19.3110237656259,4.14304564284487,6.8618249756268,87.9930817803024,284.975285766864,31.2834981160698,1684.28703256982,0.269090445568671,57.6208090956847,0.718154791300185,0.539843502943404,1.08293346774783,8.13544001622122,15.9899157654048,0.810895668421238,1,0.951142317386526,541,0.245726632853361
"409",49,4,20.9536845579531,8.3041715468429,10.9037858891442,79.1581170020267,336.491621457345,59.0191252078755,1943.94255642516,0.517035207059296,69.8540331441509,0.460466142417863,0.48685085834004,-0.786091483379888,2.49033465521189,10.6796602812899,0.857582502282219,1,0.798461191675231,614,0.223657966889245
"410",50,4,14.1816944234416,11.5971690244469,11.7379869051306,64.183770905904,317.102648242339,36.3687167580642,1071.30456864658,0.579535694517522,69.0761696305528,0.22895571119152,0.402446284098551,-0.925696925435581,1.25330895928014,13.398475201696,0.676619194589936,1,0.753654967626461,70,0.0482485882065754
"411",51,4,16.5951210533752,9.40308802406956,6.03089021252492,78.4089906210307,455.148118506635,63.5051733162094,1365.49730155086,0.407894035439772,52.0812957504,0.516899193474092,0.394135733973235,-0.16252562328662,2.04610050348072,16.849604333331,0.799512238297417,1,0.734728895032682,449,0.120841274073276
"412",52,4,17.3771395639762,9.43277724610926,9.43751352780873,61.6944993183466,452.478933331043,35.6919272908086,1478.44714759753,0.760432635648994,59.7954921267657,0.803851355588995,0.233613193407655,1.87675461318157,12.0766199107296,22.2479913331055,0.814740406888165,1,0.989326393655132,6,0.0807768564566049
"413",53,4,14.6736859386652,11.7390386132975,8.25869459391652,72.840451025352,366.010700878758,31.3866242838064,1152.67067085617,0.453671698587225,56.662556337741,0.769954717974178,0.397480133827776,1.03427995558207,5.0014937809575,19.8100787432438,0.714007407053406,1,0.89942290214472,592,0.282832147762554
"414",54,4,16.4989331164154,8.91128943060205,9.40328261778673,81.326327678191,302.948495372427,51.2232514370259,1372.25826082255,0.350628643418264,60.7127780363257,0.316591482074,0.430477693933062,-0.609290737304374,1.29842082964161,16.9692813640853,0.743971090706709,1,0.742570832375055,54,0.0403259803608673
"415",55,4,16.445296481637,11.2576064707552,9.0533956637749,81.724869110184,329.098717552481,37.8038463282535,1385.90886899973,0.341976145425831,56.3094646891012,0.60852072511334,0.366415321268141,0.23156670259252,2.25237784260471,18.36602642198,0.75237378838568,1,0.78301075043381,237,0.095814588313618
"416",56,4,16.5548606002808,7.15533108410922,7.95897380209079,75.2637558788037,273.133634801418,65.9717698820272,1403.75652812244,0.466118565748956,51.1202516105198,0.768814133526757,0.55924167544581,2.60686156590867,25.1157579177423,19.646625605359,0.733186778983106,1,0.999681212251704,95,0.0581640776903894
"417",57,4,13.6223308017059,7.54497473333143,8.87650209461394,73.0946899692116,262.556098205161,34.2647117225608,980.132608969018,0.419818320023367,55.111571536688,0.418749161623418,0.223705652542412,-1.88411223480896,0.624443379222999,17.4473282137569,0.634522744457557,1,0.671073990720134,349,0.124918910686606
"418",58,4,18.4268371005731,6.65178896851114,5.57894286859693,77.1084182892065,301.739532922935,57.7401398775112,1639.82055754362,0.485469061117569,49.3844748018448,0.385944002959877,0.540642929170281,-0.0224169621062409,1.97140677588369,14.1616106919503,0.793816514934153,1,0.685903527506386,427,0.166682505527243
"419",59,4,16.7361541274903,10.1687969644898,5.19116011234219,62.2657186074783,411.852719204216,64.7862047662754,1448.66593148023,0.719287059818759,43.6458324758723,0.488953529018909,0.375344114750624,-0.0719889381321894,2.43489772998667,21.4172143356337,0.786735189431689,1,0.752260523741843,292,0.187261908500822
"420",60,4,21.0409823876643,9.5877486720592,9.44149831441862,71.9901194492245,291.301643801319,44.7251453302691,1902.28378006187,0.698591426421396,48.6925780077423,0.322037890576757,0.492143289907835,-0.14496851388484,2.78727590781436,15.6089382089339,0.846940925080439,1,0.746002972961798,239,0.123366239425423
"421",61,4,19.5919118988302,12.8837432805641,8.17207100655345,89.500217199283,336.557857311555,56.7762384270762,1694.4223607485,0.239458774812067,58.2129307426834,0.207581638591364,0.290261653275229,-0.452655413491662,1.47902454409573,20.57901251383,0.8323429663226,1,0.771895603938902,110,0.0723598247506667
"422",62,4,15.0929408697344,9.91643579322927,7.73676591718308,61.0952025390569,397.566791356109,41.096417319036,1161.97810448478,0.667660360524232,54.3885704552527,0.871052610804327,0.382769537880085,0.607639507472967,3.16053699773962,15.5412116227811,0.737374782255095,1,0.79525195167898,298,0.0842790727770631
"423",63,4,18.1967908420117,12.7075089555276,4.64789604212032,88.0328892059624,345.440642394846,32.9525709762182,1526.23030423933,0.250154619937642,40.5630030084388,0.626353387464769,0.47948145379778,-0.692119350781135,1.62696548841387,16.3862733461468,0.803828037179446,1,0.628151158493489,734,0.41957057873807
"424",64,4,16.8124580315337,13.8904505518457,6.86100401846377,79.2248435319081,351.665915226235,14.9754232809228,1426.75659563676,0.397936928676936,49.4110280693542,0.71504053066019,0.277088590688072,-0.0969188824781452,2.930107591669,15.194376805438,0.77017206984416,1,0.754189353736245,81,0.0712778143997341
"425",65,4,19.776562337269,9.01812353258372,8.38441030179309,72.1164465072196,280.770201071386,36.1010411055367,1792.21220823366,0.643242780735864,57.1771938366056,0.7844482768327,0.171780242375098,-0.377566640252097,1.51645238658064,18.9077943383287,0.817916524040725,1,0.753179317924437,379,0.145482572637876
"426",66,4,18.1061408309973,10.7768781498892,7.02735415849436,92.9009351248945,327.300533160439,55.9275740223939,1616.95593140222,0.147552958886894,59.3084825209046,0.831009389040992,0.545181208197027,0.241902665912276,1.87161676904185,18.9648614002667,0.796509554605603,1,0.783974929884615,227,0.0813235213087236
"427",67,4,16.8859527483107,8.31021348162804,8.16256802598775,74.6784030602003,260.788216716233,51.1125710082409,1436.02149266401,0.487288500205388,59.8430734211568,0.289497777889483,0.163686836743727,-1.3417312047246,1.07386488632683,18.1813859073555,0.73787980853815,1,0.736240856405834,126,0.0444724622297924
"428",68,4,18.8767940723454,11.4759807357422,8.76979449356859,90.153002652512,274.664332265084,34.1525999959544,1692.92059243416,0.214789983931399,53.2778504788409,0.476578784431331,0.10076473550871,-0.989038686155921,1.05160466288997,19.170937090949,0.797744428186517,1,0.705237310749306,245,0.120009730468739
"429",69,4,18.3052163172848,7.84047933743228,7.72499605792364,75.1984371995013,250.340602493597,48.836682447224,1579.9194848944,0.521979222978397,65.5021829628102,0.57679063284304,0.570612208824605,0.128435736085062,5.01440888967616,18.163301453558,0.773044821389215,1,0.915099531738408,170,0.0735250783454957
"430",70,4,17.6707648365009,7.94705224751275,8.85518621847819,79.4274032248036,293.431908582826,13.7595463681015,1490.70385477125,0.416041552927991,63.0509259447529,0.32556898931507,0.170499294088222,0.025384320414367,2.8675436155158,21.0440762219145,0.772210791320636,1,0.858634508791227,36,0.0722537965738944
"431",71,4,22.0397812429519,10.5775867231578,7.51387110292127,70.4051924364623,340.096867042374,62.1427981772408,2052.79462959261,0.784622460633333,54.986163560631,0.419599901000038,0.316894014854915,0.35327172019861,4.95674155712444,19.0804999855888,0.875966485257886,1,0.889989355498619,804,0.434574593868139
"432",72,4,16.9412282273655,10.1816226385743,7.36329434429222,67.573303948484,313.960485911286,36.9537522005863,1443.06347550021,0.626210151298829,53.9876881128992,0.308333561732434,0.267884378344752,-1.4709527797127,0.945399425390545,13.2167412425844,0.758423693522418,1,0.637397788044533,29,0.050537812766133
"433",73,4,17.0584260540319,10.5252463534224,7.49178721298398,58.9965964696415,261.46778942237,48.1238383723471,1384.81189857516,0.797742712727539,50.0008642406009,0.350662165461108,0.55213333168067,0.797644251669599,5.02060685854713,17.2464613401894,0.74073452882933,1,0.866288216406766,231,0.080159356988233
"434",74,4,14.908126151965,10.1386698255825,9.27777486032613,70.0234504296067,261.607002462736,56.1672742817681,1217.11324620579,0.508354468531131,60.543652013376,0.713448010222055,0.381824877718464,-0.179518648047803,3.31701398378861,21.1724554001993,0.676798746025256,1,0.866462503720392,366,0.186429775839441
"435",75,4,17.9189465534096,8.94271236228635,9.64213076633217,80.8171645318819,239.552808412068,37.2434704242985,1531.88164841957,0.394047323200395,62.2507499846341,0.574498611339368,0.524377993796952,0.665519660991448,5.6261367048912,16.7266013978757,0.759727424512602,1,0.916191700504887,10,0.058028743752777
"436",76,4,19.7807126109414,9.73959567096247,12.6709581731639,66.1825335740372,344.846144123264,71.998266068126,1770.32272618759,0.780332395525448,67.4034109774393,0.654645212623291,0.508738068887033,2.21378595936399,15.7412514348978,14.8871388193609,0.835564051507197,1,0.9958843514129,547,0.21536533578943
"437",77,4,13.8572242981416,13.2403174887116,6.03338488477788,65.7242978331732,336.449745789505,54.6031781481457,1032.44915306828,0.543054623727349,50.4096391779746,0.360257215285674,0.205311860097572,-0.523337534007682,2.54525998869384,20.824124604482,0.674752812809888,1,0.788694384827367,110,0.0927572450747915
"438",78,4,17.499869759854,9.96420975335306,6.58508511998748,71.4887548819782,235.162222968845,56.4452124920008,1519.07615358555,0.570403212209495,45.4369930121606,0.739148386963643,0.335790361068211,0.252327694342321,5.1817879087741,17.6806451837706,0.745069925049401,1,0.858353125532952,147,0.122782553392876
"439",79,4,15.6366991466934,7.36302120210141,9.28829820269984,76.2730736541084,219.084165608656,62.1556559712198,1265.28221335076,0.421651488032194,63.725368988393,0.528418919770047,0.187126782396808,-2.00381916045724,0.599266905027567,15.979571342324,0.682829810443891,1,0.708997410466029,255,0.0653254023254272
"440",80,4,20.8838745300338,8.31087967883744,11.2753306598924,71.0431945157358,315.794833163053,63.817593666863,1863.42495321248,0.715270588282065,63.3767507327292,0.710689986613579,0.186954757920466,0.395728662610464,4.95591692559349,18.1900804428308,0.850122227247726,1,0.908676551802035,14,0.0548094324270972
"441",81,4,20.7157910777577,7.79637025501779,10.4532963493286,84.6989427646483,292.381458242702,58.1721182479204,1894.56763624278,0.374067826173854,52.2204691352447,0.834989367378876,0.236788695352152,-0.0367723178087417,2.0340479826894,18.2594566671015,0.842529278141459,1,0.748344303672802,234,0.121593688372251
"442",82,4,18.6690056946813,8.199819713985,7.06458876333838,77.3410594072946,247.571257791354,85.5439253532954,1590.84456309058,0.48787654930839,48.9177368282527,0.393767953570932,0.106248504156247,-0.256306276500596,2.81114691994208,19.1820707922711,0.781764417844784,1,0.780739276366756,24,0.0421791496675032
"443",83,4,20.8586761608005,7.47783216035504,6.64353787252402,74.7116603117411,382.426473087716,40.9535860796163,1897.33378261287,0.623687680161288,51.2923102036024,0.231099702836946,0.111435107444413,-0.984933592169475,1.33156080772835,17.4940507856477,0.866308579835265,1,0.692735665052396,240,0.080445018139923
"444",84,4,16.2653642982426,4.74830219503419,11.3928045426609,66.1790711794705,316.027699268848,73.41259440125,1352.42583671774,0.625667404552119,67.2164682004016,0.343543856567703,0.401881491206586,-0.320864503000347,3.15739499256329,20.437603462561,0.740166351426737,1,0.87927608744316,204,0.0580874003680456
"445",85,4,19.9013034499438,11.3381314983811,11.0856937001781,67.5148777044074,318.808533287791,29.6924577802614,1869.21134580524,0.755212304333023,57.4782330843228,0.375225105090067,0.41320253724698,0.483182313553428,4.12445381217209,16.5118147252672,0.830982165177227,1,0.856592719997219,165,0.0740838751534135
"446",86,4,16.8299769827335,11.3200830184616,8.42905518412189,78.6866986145624,356.933373402688,42.3799309838549,1434.92638459911,0.408698932779941,55.5719338810928,0.77065290720202,0.495182910724543,0.130266495270394,3.02649436108397,19.256424546253,0.772418016812849,1,0.823163250290932,166,0.0632809205656209
"447",87,4,18.6419150450513,9.49879912921778,11.4013765915046,72.341092299115,345.222978195176,42.8253330137153,1598.82948711485,0.594523997701393,63.6995577714142,0.433593150321394,0.249492145632394,0.632586020748348,3.0573464531369,15.5506718250037,0.811983798984239,1,0.832816909640251,563,0.158965072649507
"448",88,4,17.4012079666702,8.55240536609236,7.98402634070422,83.8493061505796,300.322707354369,36.5274457665264,1499.4380933998,0.321108039569579,51.5701279978095,0.775076040741987,0.413962723594159,1.87852632513877,15.5638748202943,20.769380695426,0.768165649314805,1,0.994804406716215,265,0.156337039451807
"449",89,4,17.4429138334139,8.37563673534117,6.36419927039446,61.930451161191,251.932621873988,51.624117856188,1490.18668030821,0.758895114547175,44.342339939143,0.825772320921533,0.138766354322433,0.925085809250038,6.66704891022612,15.6357426653963,0.748371649744265,1,0.8920806163163,504,0.135800268557301
"450",90,4,19.0922303166591,10.7974686720368,7.89877965943291,77.681542404763,390.936098307003,59.7481934391401,1697.68397286673,0.493414800892732,46.9000622558879,0.240524862264283,0.540487773856148,-0.135628597391877,2.50170337384447,16.1686989103702,0.835616841881837,1,0.724311077074007,60,0.0571079716047599
"451",91,4,15.3923576927103,10.4531271477588,8.15984217309807,70.8027404400789,217.352851801268,37.6928991088699,1198.60511702614,0.510799183628389,55.6166973102309,0.768133641639724,0.198323593498208,-0.35545527807911,2.19006425992245,20.0076037245729,0.673295317591189,1,0.790161701586261,140,0.0722521446739331
"452",92,4,17.4981710699151,10.8432871595064,4.8808578042119,86.7069686024176,402.766942664276,55.3964229283637,1550.20761891455,0.26591524769317,39.099108509526,0.320664778864011,0.181624836428091,-1.6139710178543,0.707072404726089,18.7440263876339,0.805279297848883,1,0.579883774937262,175,0.090456596575297
"453",93,4,18.3420147474358,10.0096758874482,7.65700408650742,78.4174243358926,287.539680250548,59.4998739265697,1617.78884275051,0.45528123471437,49.0106906121004,0.533842139272019,0.543810892757028,0.25113807457031,3.3259245694117,15.7518892829896,0.7872068236838,1,0.7782837136958,254,0.0710112526898299
"454",94,4,17.193065042505,11.237967830193,7.16278581433533,66.7989614385892,444.528007504,51.467238782983,1451.87607993856,0.651473109612314,55.3675083477327,0.745021440158598,0.15615684192162,0.806908544493341,6.77050004035801,17.697563602266,0.808757497511106,1,0.929370097729039,170,0.0836753564058026
"455",95,4,18.2093188816715,10.8622678889719,8.98257363606632,64.5355334294176,307.714369819236,37.9822436607501,1524.29128325372,0.741915093978042,54.3726383788836,0.276895247166976,0.537041074968874,-1.54068768059757,1.05031208921222,14.873833358255,0.788707144687419,1,0.665959017550367,304,0.199482320281759
"456",96,4,17.362238426532,11.1166247403744,6.93754313753794,76.8368150930291,286.91498086878,33.4656026994901,1495.40577048104,0.459397848807462,52.3636141542821,0.750390486256219,0.400115428399295,0.530225751394709,3.22859755123181,20.8493733721051,0.761294520447247,1,0.82948140764541,169,0.114410911666431
"457",97,4,21.2366878717669,10.991922561344,8.96444023546979,72.5438297775047,322.471812006392,37.2251448114149,1906.49562665456,0.69305395206793,62.0277645218112,0.625893978448585,0.541342743928544,1.14479425907576,4.81184871940408,20.4702960343091,0.858480281002193,1,0.91116168686607,6,0.0391988157213461
"458",98,4,19.4283772029772,13.3237714818916,9.07258208009865,74.3293352036625,399.022857861548,57.79127259572,1695.93714869826,0.579527823789537,58.2559719532325,0.87678246262949,0.12041469886899,-0.820503250582561,1.65889220179545,18.3483600227954,0.844108551955408,1,0.761834734049869,249,0.0880370237396631
"459",99,4,23.9317307396665,7.88993077559099,7.4413515842822,73.6741452751115,211.420987795377,76.7347341994359,2288.0774367722,0.782584806494662,52.7132514243058,0.578508981806226,0.225366056687199,-0.694590155252355,1.10131009549729,16.053049560647,0.878819482350377,1,0.671382166976693,245,0.102016537833364
"460",100,4,16.4098447908816,13.01664937356,7.91298547059883,80.240100469308,301.52067232276,40.9995948467573,1391.22300941496,0.368926571676612,50.7315909688957,0.466251495294273,0.550068118050694,1.3091350097074,7.63349065021056,16.4953877727251,0.740729002060028,1,0.933190514881758,320,0.138968260524577
"461",101,4,19.6287318293598,9.33158268668985,12.763030583919,66.4013221745798,337.673671675123,72.0804322808311,1744.09269363083,0.768007572956269,64.4665820245396,0.68446224948857,0.569535282347351,1.16966183470328,7.70800630204111,13.5186898804938,0.83046646778016,1,0.948939500207339,526,0.214467003729291
"462",102,4,22.1960616202607,9.87003851236312,11.0960622267112,102.767276827727,328.866249026999,34.4367933187346,2014.24322727861,-0.0740680567888401,58.9621624824027,0.817611218732782,0.106517721223645,0.728570556603019,5.64660006744659,14.3935673827239,0.879754188811125,1,0.898669079242982,160,0.0704621478999077
"463",103,4,18.6019601103051,10.1621630774268,11.109523997058,77.3526471390721,326.957091918507,41.4282598431695,1561.62618417553,0.48558589287869,65.1020027695868,0.550642360094935,0.195759687130339,-0.587525540304549,1.87924916292737,13.8952007171927,0.80608742085215,1,0.770581020874035,801,0.410644227597611
"464",104,4,15.8338497163215,9.10357040892232,8.11622246022783,70.7090092292289,300.600089086203,48.8481633434765,1258.056430664,0.527140753657424,45.0379263938235,0.7919359883992,0.463906510057859,1.64980801371298,10.4184262948405,22.1990175087734,0.722158132577735,1,0.973054310440322,192,0.0698695261970568
"465",105,4,15.9873549963934,4.89238609946807,6.32044216894567,73.8418120364344,251.577996566144,43.5504142928867,1297.57880432936,0.475402441152061,51.0591706542744,0.256236512050964,0.471393557172269,-0.244930053788761,2.60934635033468,18.6437012117997,0.707286840091194,1,0.776739206256132,1183,0.642442436347734
"466",106,4,17.9291708701648,9.37413492976197,9.14224689731097,79.3370442227244,491.67916945179,52.6751772738431,1522.29030012101,0.424724571455315,51.5420724042251,0.660209081857465,0.499000338511541,1.4401349638549,12.1658599545849,15.6216114074291,0.839665990883722,1,0.981604830814487,836,0.402802625652163
"467",107,4,20.6182487217068,10.0827663040806,8.13209556512611,80.0734015455393,232.916783309962,62.5238201175059,1883.83113931576,0.484231786593379,55.2521539396707,0.470818592794239,0.314828503201716,-0.396277753305924,2.04881848721709,19.2976824109188,0.8233486318773,1,0.775057827545807,279,0.105059561378626
"468",108,4,19.5008009732934,6.52454387732476,15.16931898586,60.8011514487605,379.024641213199,65.6997613525279,1715.52580558765,0.888926103063735,81.8383028446236,0.346677264431491,0.163039217377082,-1.92297346286766,0.666018606516286,15.9554544632832,0.838568096180088,1,0.810417827172863,736,0.369058024765258
"469",109,4,13.7232633447752,11.0998793193968,4.13620889269746,58.4709129225075,253.529520374881,61.4374405663568,1060.97273906642,0.652270576467482,44.9847663724906,0.853390000201762,0.561100833490491,0.711394967175346,5.1375371890316,20.4930073442242,0.631686260434851,1,0.871630695094781,196,0.0669391382366365
"470",110,4,16.5992917822667,8.80545261481336,7.59433499150805,74.2807447242943,200.066440589118,27.4172198705041,1427.77752757744,0.48601307099452,51.422254097846,0.841048721899278,0.409707764652558,1.53310158743825,13.6857513380638,22.8265093512227,0.704867643922048,1,0.991753768015752,186,0.0676071453882951
"471",111,4,17.981887049414,12.8954836120731,10.9674304085462,81.6944174244695,329.043349817469,41.1393588265708,1544.45669557262,0.37751873903432,64.4761223146861,0.233169992803596,0.478282616962679,-0.916908378819661,1.99175576118986,16.8339944109308,0.792534176142227,1,0.797946674056349,91,0.0659786563383064
"472",112,4,15.0837330255105,10.5297362285285,3.80296719967099,76.3299266647483,446.538085531605,44.6992337286812,1169.45406345745,0.40597076929651,33.1254807244319,0.656141220335849,0.580970960343257,0.493228116781224,3.27055500746567,20.6716953461877,0.757568964293323,1,0.732729567181562,371,0.116666149837038
"473",113,4,19.3890592929897,8.42243438443506,7.48070266788648,83.204204587569,357.751440370184,60.3991686742421,1691.13619492308,0.378247313379853,49.6787982287301,0.592072344897315,0.130523994006217,-0.180102450791209,4.26485650197526,20.3042108173575,0.83323525049308,1,0.856317035398161,385,0.159624711681772
"474",114,4,13.077329049627,10.3354644413431,8.66813587177437,78.2255076650635,221.741267470406,26.5119082254121,992.097694885651,0.327892705728132,54.6610752551109,0.576578784827143,0.109502446628176,-0.482693845169909,2.5053357219775,21.6577790263174,0.596755928365123,1,0.81371340879655,178,0.0554185992117749
"475",115,4,18.2865795280809,10.5151662164025,7.56072481673356,78.2927369589024,280.491457158961,39.8315400972344,1547.66910058745,0.456322099732498,39.2777142914301,0.860669722175226,0.563944395887665,0.873077163925587,5.1397393101586,22.1961419650102,0.783421357906546,1,0.86176891250387,271,0.0929326823827286
"476",116,4,17.2175557617459,11.8240947349006,6.13645639342179,88.4414946241796,274.981504045323,59.9782399761655,1514.17290258067,0.227153510920661,57.2347119395284,0.548985816305503,0.200877335993573,-1.58835583354675,0.549535930984055,20.890169411534,0.754639247770735,1,0.716346508627004,70,0.0337458910556904
"477",117,4,17.0176718287718,9.68625523489027,7.75551956340685,66.5031394141193,251.292086268524,64.3286756271049,1450.49710021365,0.650018530515955,54.9093319346039,0.427634051232599,0.283344451943412,-1.58422659214797,0.828990097260224,15.5502582391475,0.736767403688547,1,0.662284165021627,543,0.308220870973407
"478",118,4,17.4327050950959,5.93324858310583,10.6770568469235,68.6701148025748,381.65679661529,54.3650670601053,1520.66931284682,0.624141168151682,67.2712060252398,0.538303933641873,0.551909152790904,1.48911716349646,16.1586754949385,17.0046115676092,0.794661061033422,1,0.996717851217504,277,0.110772546656775
"479",119,4,18.6295896094157,7.40066835384285,5.30333761991127,78.1080981932879,468.682425309886,75.2678597687267,1613.41390420028,0.470200358777953,45.8061901005475,0.685245081339963,0.221247189701535,0.254596649371232,3.64604179511421,20.5260362752101,0.847224382030575,1,0.816722810323257,450,0.169126433756009
"480",120,4,18.792653155878,8.28549868014193,10.82967144902,77.031987995603,232.801018140824,13.7875270688159,1635.88682182146,0.498368899704225,64.9081827606894,0.736700997524895,0.291754275118001,0.179153769770951,2.61524295135186,18.216183710439,0.779810989611655,1,0.837892152077998,398,0.126959998985438
"481",1,5,17.5487925779281,10.8525305890724,9.82809789102936,57.5026536593122,369.33586672171,53.4484645043081,1519.24896477581,0.852841871858153,69.0240882469751,0.420787013717927,0.28393217434641,-0.342094419836984,2.3431600544866,19.5398530375421,0.791975887079285,1,0.852036445924838,105,0.0592750071720137
"482",2,5,14.1500991393189,9.43032747383049,5.52662416301337,79.3024034662678,256.013120381028,48.9793313129811,1092.33552918702,0.334218870877005,46.7152350070025,0.222155968286097,0.262233520066366,-1.42614345921248,0.732174891173456,15.4112083649544,0.650485135851252,1,0.59668463762671,355,0.0778152518639338
"483",3,5,15.121541403356,8.77126291606028,4.99847929065074,64.6809087063453,385.658403950893,34.9739741904143,1232.22769108173,0.607240811223443,46.5534432279837,0.661521588591859,0.156055189110339,-1.26401509668977,0.861796156673745,20.3431619123486,0.734047962079221,1,0.662018029800493,193,0.0798318292948187
"484",4,5,15.0606844520552,8.31021833568503,8.06907736779307,65.1956482387299,333.235770939761,41.5997680536295,1201.64074647711,0.596052669108126,56.9315477598725,0.348695753514767,0.547679526288994,0.484820067764783,3.66931675454965,11.7336746076599,0.711305320208315,1,0.801456931528061,131,0.0622062375941908
"485",5,5,19.5237268937839,10.3073899144377,8.57259929080538,88.816908422206,303.005624567751,53.6085204077541,1737.35580391785,0.253964442693741,57.6220431506495,0.263874128577299,0.255950208660215,-0.657326100264239,2.39694501423676,15.0795387255103,0.821187208217384,1,0.768830928980111,32,0.0587276237202516
"486",6,5,17.5127700362574,8.29713544844362,10.3724161876912,84.2828624263224,362.603045206014,68.209122717783,1554.34353693494,0.314697191079099,64.3226235607727,0.887501256843098,0.46061280046124,0.512567489306511,3.19629087819726,20.2034626658832,0.792413249467379,1,0.869748750482202,809,0.321414493392239
"487",7,5,18.539353214836,9.20415785411423,7.9249012563149,69.014707329987,452.628611987727,53.7853772774604,1639.4769563583,0.661762620693772,52.5949716256274,0.387080827425234,0.152673866623081,-0.302603746175385,1.72659917810291,23.849575720883,0.840196344760071,1,0.783860610117596,93,0.0678690177445031
"488",8,5,14.8821449580884,8.12004554743809,8.84074318794712,88.3333785994433,404.723994537285,59.7862115703858,1116.05035383999,0.197516356077583,54.9634826118356,0.418917678738944,0.373493510787375,-0.484527700196435,3.42115143738233,15.3848002822891,0.737665309529618,1,0.809148979072291,155,0.0788761872944466
"489",9,5,16.9288239866074,7.22349251716116,10.5784929646855,70.7624206034295,308.204115190867,36.0666103255996,1452.97589999427,0.564179435058476,55.9523655553997,0.800236363941804,0.563847736245953,0.930872110909581,6.14263398321684,20.7006763461146,0.756422451266609,1,0.928001962038047,117,0.104502792659937
"490",10,5,19.124903946347,11.9103691777268,10.3413783701992,83.2291868051141,365.323074189174,43.3295907364006,1674.51831030924,0.371523795372983,59.3527529814579,0.345722689898685,0.356851280806586,1.37224370917895,8.71418822551328,20.6814677059134,0.829843819334388,1,0.968596003511444,55,0.0638378417845418
"491",11,5,17.6433477531602,7.36500905993524,9.65218730816943,86.0137439285192,254.353947788153,49.4098672186435,1518.360163073,0.282356882736998,56.8728050973157,0.892225662898272,0.334853280824609,0.869385874530568,4.55058977253412,17.1705156783901,0.7583978559087,1,0.873236897414643,147,0.0939262397685382
"492",12,5,17.7697280275947,10.1460582923192,8.64783413018097,85.6480236661012,345.810801448769,52.1462008574031,1572.97066148261,0.292056997993058,53.0621280878424,0.7450202179607,0.530268002441153,0.0622959015314837,2.47178947786039,14.0583986500788,0.79337632548341,1,0.738139443285838,394,0.162280901609391
"493",13,5,17.8558770557873,8.86362830286326,8.7619008229091,85.0372475954868,377.632982694995,57.9379996831525,1593.44694109534,0.306142282183206,58.8207597812812,0.43472765556071,0.105357048008591,-1.13033545818918,0.808240154925026,15.7403583096668,0.805558085452435,1,0.68871373601273,229,0.0736968230758601
"494",14,5,20.4218196138526,7.88309866243234,10.4052391655866,72.7013235695259,347.543571374259,47.21662267523,1791.3008769511,0.655393584320486,62.6867063056239,0.634983001998626,0.179853507457301,0.0615380271292135,3.68982895448094,19.8080568131832,0.849686499567717,1,0.878462751219335,89,0.0523127164207737
"495",15,5,16.7702061984006,10.5186270768341,10.2044115014643,70.6261158547273,284.212676328931,61.5001258793186,1366.66281908042,0.561133953059136,55.1961824659108,0.652184399869293,0.154251477238722,0.355132682731939,5.08386742086859,15.4754429493052,0.742979179005448,1,0.875971029504593,101,0.0598240867163583
"496",16,5,19.3522529166294,10.7462690090383,7.87697012004171,85.03141976852,317.294827565675,53.9648452397315,1735.402757022,0.336326836609101,51.5090925172266,0.238085169135593,0.396751316520385,-0.651090591007441,1.69486865747887,14.0709409441137,0.82112300329612,1,0.680762992535977,61,0.039706838627133
"497",17,5,19.7971992110751,12.5293335385683,8.72917982799156,74.4262166483279,285.108884313345,29.662665855068,1756.37014574839,0.590714329319214,57.4672358048845,0.821310286480002,0.287483097775839,0.532905015569052,5.88105436597461,21.2350542005042,0.819973664848017,1,0.927579298294671,425,0.194819914125609
"498",18,5,15.621364192958,10.6504499921365,11.3851045999715,69.5405070298859,346.571794227572,55.3860732248254,1260.28136455359,0.540764516975091,65.897360188388,0.661072925757617,0.361176060070284,-0.0332241729830246,2.9399388863728,18.2597475269526,0.733942382814672,1,0.854692534696349,359,0.125313678186161
"499",19,5,18.242517699638,9.72306536098339,10.942734024944,66.8000283337146,301.386158627371,24.3762074083051,1625.98416201456,0.695990710601666,63.3988611812127,0.48790482650511,0.101289632869884,-0.653545249903959,1.48870745929968,21.137982862166,0.787732341198822,1,0.803051601726837,9,0.0495175808954062
"500",20,5,17.9775566277392,15.2049377945596,6.04550467731176,85.4126225177323,306.630213915051,40.4610758396716,1543.46005730883,0.300755730550653,45.1054717091301,0.442584483441897,0.287960768816993,-1.02695652219831,0.821252946771045,11.6936298428711,0.785475226492039,1,0.545925571738435,1,0.0510368148820298
"501",21,5,20.0582814386275,8.69943114302417,10.8964033491639,81.0644866032535,282.044792438476,54.356500222386,1771.97985717587,0.444510991439649,71.0685774490452,0.590507734217681,0.108691885508597,-0.118922223065646,3.59287753205217,18.1774963870435,0.825642108294831,1,0.892716615361311,154,0.102180156104108
"502",22,5,19.8295497354392,7.99363354337328,7.82828867881627,86.8369146830096,384.031411949118,30.4430865093532,1770.53539500908,0.304657024952063,55.7766220109039,0.356119607319124,0.195610097516328,-1.39305809105608,0.661943818531011,16.8245859530721,0.849451940885,1,0.671088235166679,469,0.155336413373536
"503",23,5,17.9950874666409,8.92977217425104,4.85246039669309,70.0435007486829,340.243755287882,48.2884910100849,1582.50971546792,0.618310346771983,41.5125115579679,0.74279137768317,0.121979178069159,-1.48908973117053,1.00927768845423,20.8941190226576,0.794948834343311,1,0.644022148693365,197,0.0623686588966022
"504",24,5,18.2720191048275,9.77917086644642,10.5849523189334,77.0774978180498,262.781260180729,48.6055687246438,1599.85017655765,0.481428419962442,67.9742943013454,0.710094567132182,0.28689378653653,0.775394111161543,4.86639297107142,22.4714918682838,0.776798883907914,1,0.93230964627152,170,0.0901268343305998
"505",25,5,16.5596929101137,11.2008603386271,8.16893551113543,66.307832600181,335.070414448215,48.1615906032894,1409.7882131327,0.63507505224108,52.4206055376073,0.206010176823474,0.518986102798954,-0.781227366272104,1.33957093540232,18.4379946269711,0.755597387851523,1,0.710206912789619,188,0.0591961210600226
"506",26,5,17.6037513398976,10.8316901191974,9.93409199296018,75.6897885055518,287.11107778713,36.7503384302231,1459.3777138593,0.489554659375853,68.2477272445871,0.874745907378383,0.284265904012136,0.778750746697408,3.90447491426012,17.6403655082415,0.767670266042571,1,0.890980188259814,96,0.0593872218880784
"507",27,5,15.9415823879035,9.78849870664602,11.878225988434,68.2303804075791,326.194161056184,59.0025420410196,1316.47985615981,0.575699277825551,65.7847739480025,0.714321744814515,0.402813027170487,1.6503136866877,7.45935498578925,19.6759056711034,0.735089009617279,1,0.960651165554175,324,0.118503392884614
"508",28,5,16.0660882082948,8.28687492350776,10.1597452763313,78.1112469149631,431.96099030838,60.7570154844943,1348.69126118763,0.399814333668983,55.2022744295898,0.346920971898362,0.210666841268539,-1.24541735756797,0.914093764442724,22.8373881851925,0.778654506468933,1,0.74500856744709,167,0.0476035850239248
"509",29,5,15.5583738221618,12.2546546686443,7.29281294633369,74.6989134772289,257.540371682893,44.136878262885,1308.34443941505,0.447374961256809,54.0894097597318,0.334603384253569,0.308955557784066,-0.715029161532323,1.33391738869601,15.2742452994752,0.696554035502656,1,0.687094320488911,45,0.0532118848918143
"510",30,5,19.6724154078897,11.8325632428969,7.73015375056287,86.5648131914066,333.199027227645,56.4183877562929,1678.61074262592,0.307938941488283,59.3628670599181,0.212453210866079,0.547353527648374,-0.40289843920638,2.29229473397933,14.0872694788585,0.832708077459491,1,0.763675645425687,44,0.0734470880209025
"511",31,5,20.2299435969908,8.55124081455128,6.025735133385,77.5377958568215,234.572305611875,37.4434214855555,1804.11627592552,0.532926848310414,44.0432395982813,0.580302329454571,0.138907589158043,0.343882455472925,4.59508981758615,19.3451002068694,0.814922608053233,1,0.841186006533315,294,0.12649229593011
"512",32,5,17.1741102941458,11.3735581751495,6.35658370787921,71.7681560734473,356.961044601821,50.3383980130024,1485.1345354971,0.553303156188049,43.8816917589445,0.250607772613876,0.492582455649972,-0.745248425955393,1.46308693156333,23.5002792224022,0.780384165827092,1,0.717154562266782,41,0.0626893546002637
"513",33,5,15.7420452039863,10.9001715832892,8.97906184502946,61.0781013561981,233.506209205155,61.4009127122856,1304.76748205775,0.696362917894109,58.3438804990674,0.461556001496501,0.258127453993075,-1.13001936230877,2.07452659337902,11.6729756527103,0.69007387239995,1,0.72238504003049,45,0.0530115890348857
"514",34,5,17.8241373364459,12.0904432122101,7.40144508218104,71.377429768639,217.894110628765,53.6856999813216,1549.58001360451,0.584457120615242,43.0138955104707,0.740408740285784,0.367975443392061,0.135876827171617,2.49929893864779,15.1593226297011,0.747633509111183,1,0.689583463686584,316,0.127886807961985
"515",35,5,22.4838073866252,10.2992580688749,9.31650979714871,70.3112999475232,353.432777468046,52.1208702027752,2049.90823599509,0.808660998395531,56.309647657111,0.528656175290234,0.157647428591736,-2.05305773410529,0.40334445686918,16.5387574192301,0.885653271594439,1,0.654127174476136,54,0.0483905598504737
"516",36,5,22.082626341501,7.71786569359861,9.66481909934158,84.1833523545311,274.969332972328,70.108659885122,2040.23469919135,0.420429586172681,56.1178002388069,0.322453389782459,0.47850418058224,-1.54707389057814,0.837950538525329,14.1941235301723,0.863599703214136,1,0.655798276486294,365,0.186746901920982
"517",37,5,14.5603993265571,11.6049988048393,8.72692652244539,78.6589060771576,201.744023256672,38.7634154387594,1082.40413744121,0.353882152150819,59.4789776261696,0.775138947833329,0.372190799936652,1.54760048461948,12.6734697572227,22.4237092479638,0.639545644483906,1,0.991054294346275,615,0.229361589702636
"518",38,5,17.2861866877552,8.54256693806111,7.2027086827661,70.2975491035314,240.53219294364,61.6487680635422,1474.9153035991,0.586266653606805,42.3909016016293,0.886758449976332,0.442968721059151,1.26771970411902,5.78868651809793,18.2338943985426,0.740878911280148,1,0.872141525168746,45,0.0871233602066333
"519",39,5,21.0665609843246,11.054418571457,5.0041400209886,76.8233195255596,384.531973609963,53.4227241024457,1898.20618670156,0.578955636354464,37.3980427460247,0.638392431661487,0.453616276639514,0.599275365059637,5.25212163580606,23.3949229982673,0.870556691522532,1,0.866148329295905,826,0.244852404509387
"520",40,5,17.9235118067795,13.3469575444246,8.22925635054493,76.07318193477,330.550105651101,38.9539926593068,1507.62845452748,0.491637800552417,53.3593559332706,0.554382734838873,0.418559770588763,0.320934453981234,3.96937571639237,13.8373753730861,0.790834261450881,1,0.815094950320787,28,0.0449726364822575
"521",41,5,21.1948264846529,7.16234395945834,5.92436676532674,77.6346221769141,332.475487957142,48.9435877829602,1948.45792474426,0.563103829970974,43.3174159783666,0.412920280802064,0.311241989396512,0.150702330802496,2.46333816638524,16.8702870793854,0.860764091516346,1,0.707244425326786,90,0.065962307582374
"522",42,5,17.3328292133802,13.1238216023378,9.29195774252313,72.6199022908577,373.592165952932,44.3581011537931,1534.68428143791,0.542023955329495,59.7506470062199,0.288838911196217,0.548829852975905,-0.426269752091889,2.57948716684694,16.1082184790583,0.790083326223997,1,0.797667019691965,728,0.444817881722778
"523",43,5,19.2099718478308,12.7063220178362,9.54569080011716,84.4799037845162,331.916594999496,59.9483460287296,1657.66336827722,0.345643795344562,57.2858369710248,0.581835288484581,0.409937889338471,0.127931887718689,2.49365780583529,21.6400394486164,0.822226146109786,1,0.824722194914188,336,0.0939868064089197
"524",44,5,18.4484824785005,8.94260644661689,8.63202831624083,85.4762830930022,129.123046117464,56.1604382591009,1587.60299689155,0.308427134121294,53.0401245906707,0.6417764833197,0.250766584090888,0.511320787065497,3.91528061026511,15.4117594430211,0.733642288429618,1,0.822937268963557,10,0.0523598969639822
"525",45,5,24.4581389909601,9.49745444904144,5.92377435040353,65.6363578790765,321.180991682254,22.5222647972343,2329.10325050642,1.05426480528271,55.0256957520646,0.770654880255461,0.528496522596106,1.91526085334786,13.8404073199488,17.7763047631061,0.906269428631993,1,0.990912337133652,472,0.143123558681572
"526",46,5,19.840905133545,8.62830462741501,6.48972541982229,82.9689509304009,236.349715717594,74.7263573204406,1759.70903555083,0.394457821023196,39.1171235376707,0.213111222395673,0.52131658794824,0.040290522247757,5.01883807828043,17.6511462337505,0.807377167623539,1,0.826600373175808,277,0.0843949062699725
"527",47,5,15.5869218615682,8.85926469549176,7.01699138061484,69.0240238664795,264.005846889561,18.0062309833056,1239.12010022669,0.548721655445136,63.0268099511173,0.691035986505449,0.356619100924581,-0.320173547721887,1.37490692837986,16.9632997833609,0.69932825283599,1,0.759774089889422,123,0.0892374351218605
"528",48,5,16.7922376616735,11.1592627630923,8.29445149021569,76.7749412517247,222.25754711188,60.3050925021255,1433.3685714571,0.444292915570861,56.0346026595497,0.470012202789076,0.458579738996923,0.161079651577308,2.19922509119623,20.3171675505309,0.720225216082291,1,0.795216972836472,40,0.0515986709378924
"529",49,5,18.7404705692441,8.20208198949577,12.7130060865707,83.00756184946,342.145858346567,38.7685753000221,1618.64071394433,0.367507999615464,64.5045527384003,0.250747033581138,0.175099817244336,-1.8335676962814,0.392319721529821,17.3888028707233,0.814672548370087,1,0.715504945807742,242,0.0679142635496587
"530",50,5,14.1979987066408,9.61934022417443,6.15866246578819,78.9531460684744,457.139383101788,66.0366913898801,1098.90635110116,0.340915172598794,42.9537541462548,0.509314145310782,0.102528876648285,-1.24949971374257,0.745685297643511,19.0988639388242,0.736982187567411,1,0.614735364533983,32,0.0542817765844014
"531",51,5,14.3911801100735,9.71219324530708,3.68630443358231,74.9324446597229,349.192692174907,55.9524399482709,1156.34316949889,0.411152412620944,35.7278602449607,0.201094064000063,0.585280942986719,-0.233159739577961,2.17850483978223,16.2549028803312,0.698595000944431,1,0.631377860295378,45,0.06058210675134
"532",52,5,15.7563547872896,9.80685469742489,7.75919990087739,75.769095884263,435.929133242156,70.7802988881945,1301.62084224343,0.433919303653265,56.8550071584743,0.651895801443607,0.137450083298609,0.571200741186262,3.313154765432,20.7829100543257,0.77170341653606,1,0.850527224290401,85,0.0493000249517878
"533",53,5,17.3041407868817,10.3628934314447,6.32151134087258,93.0056419134657,306.072258636076,47.3287982234466,1428.32715685376,0.138211365712612,54.0446500433573,0.653413317003287,0.397969881095923,-0.661642040334666,1.27553881123678,24.0806842037225,0.768922526398637,1,0.769951143137556,338,0.111536536349595
"534",54,5,20.477804297264,13.1931484183726,3.65512018257043,86.493077530852,287.753296601967,13.5517899123328,1896.66820780595,0.325399475549959,37.4703204473861,0.693654542812146,0.271461323974654,-0.378679795879831,3.06891959429867,18.9535247422135,0.836738892363477,1,0.729573885579107,156,0.107031330965747
"535",55,5,17.4516048702954,9.09733652021309,6.25138404769143,75.0832619963079,367.166114202533,46.5198206441134,1510.37422963771,0.496973886281423,54.3455284452462,0.45035392458085,0.257153954613022,-0.678610866235353,1.44056871526334,16.1309565884782,0.791203317115534,1,0.704555123609414,233,0.0863156784043022
"536",56,5,18.3247614311164,8.41023955039836,7.25284130219501,72.433664867855,244.857625386512,51.5890574288791,1605.53519845708,0.580878902314739,52.8885102777609,0.559537229058333,0.554683748539537,0.379661355975397,3.86002839808127,17.8256017274528,0.771216731592376,1,0.836982269257474,86,0.0282306268524971
"537",57,5,17.8707861804939,11.5845686993046,5.79560457580715,89.7333989380962,240.550102709923,68.2635467597565,1540.59533486161,0.210254873453812,44.2571591001128,0.660094236163422,0.320712497713976,0.737326047480439,5.50577557717298,19.0337669384447,0.760114606467954,1,0.873375081701786,621,0.29114977643578
"538",58,5,16.5895258059497,10.7609445995221,9.43131972132689,75.7193978018027,141.906009600762,32.4235460084344,1364.7915099676,0.458542267784767,64.9486443462515,0.41190225710161,0.514784603752196,-0.0962765043493336,1.55449443510757,17.0417894163121,0.680027720952832,1,0.780211125359094,39,0.0439829037119181
"539",59,5,20.724394537502,10.4715759659849,9.81528061136835,78.2223425449343,186.456909371557,46.0028626415741,1862.15819901351,0.532684531107399,63.2216426579955,0.636202111234888,0.399225471448153,0.0716954589439063,1.23309277635231,23.8254209775815,0.811573297023998,1,0.811203336051138,171,0.0779974252938762
"540",60,5,15.8069736238334,11.1819765270408,7.35038973242973,85.4751496372599,293.500749654286,43.1797166663395,1268.21266260719,0.260950180257172,45.8489321747688,0.786371297575533,0.472901938506402,1.97122001774571,16.4426098631906,19.4689672406824,0.720634182326616,1,0.994941929497769,442,0.182189756661073
"541",61,5,17.5431329629062,7.17613959584222,5.03682813543651,70.0939662181967,327.47864770937,72.5739825222107,1463.40924332079,0.599943599110257,49.3186449286099,0.424254718539305,0.32081286192406,0.0448338148150163,1.68717561538741,17.5922904206544,0.779444048443357,1,0.703772321373229,578,0.123483156999035
"542",62,5,17.3043438387795,12.1265915845822,9.18834227772708,71.5161593206445,299.000166039246,25.6619248980797,1492.49643156064,0.562859523275943,64.2502621433114,0.330879954365082,0.23710998208262,-1.74363315980454,0.805960504189746,22.57304919927,0.763350567521918,1,0.78548951237001,272,0.158326751514218
"543",63,5,19.0642572390135,10.9078357577952,6.29025062576091,71.9431513258336,205.790041848749,65.8858246711407,1646.91045107415,0.619197847321837,47.8075515244895,0.651825652271509,0.221000460465439,-1.26173385232014,1.05836357450988,17.7896749601426,0.776684865352308,1,0.655029047940436,197,0.138727208922521
"544",64,5,21.2144691245224,11.9026259540396,6.34016492673491,76.3706254088794,250.757339482099,67.3547005314386,1958.27627961483,0.59564518132204,46.0627652102931,0.638558762869798,0.362205411912873,0.411110928232017,3.84321098754205,18.8489939597497,0.840219106848563,1,0.814163802550183,99,0.0493218518436268
"545",65,5,19.0276290522332,8.80296457319697,8.29821362992831,55.6675002924248,272.648991537544,48.2906171150105,1657.80774157917,0.976159331593919,58.889562937449,0.702625035820529,0.471731286635622,2.32626093419886,16.7756167283864,21.5048959492539,0.795824045296596,1,0.997198002252042,96,0.0814670431442319
"546",66,5,20.7647463211461,6.31611989930773,6.04770791723191,71.65462850731,373.964136691636,62.8278645516037,1917.85534932831,0.695055756280588,55.8886651353091,0.426121638948098,0.34227806716226,-0.780264599921705,2.21279699669078,17.4291936091787,0.862337061174765,1,0.770645340869997,110,0.136157269140278
"547",67,5,19.5261940970998,9.03082093370413,7.41063118468722,80.657564519204,338.962399944601,57.6670863828459,1774.17770473991,0.439327880622062,49.9824637186806,0.782749813236296,0.331576215126552,-0.252402004087707,2.04830691712815,18.3011405622928,0.830514892495997,1,0.736726443040464,456,0.124262392381787
"548",68,5,16.7508309107318,8.18630636995321,6.45805016836931,77.4944602825358,270.380763490221,39.2837152224076,1410.721812911,0.429398327066389,51.5594907152216,0.520849874755368,0.314620771235786,-0.936010939962084,1.45555522980494,16.2717659439432,0.738118105873946,1,0.689340864323427,305,0.136300578300891
"549",69,5,18.163087600858,14.4455248948088,8.78456741415749,77.8051212542591,223.125767389573,39.5754260774793,1591.42409124765,0.462970114042053,65.401297332404,0.577882201597095,0.234405461954884,-1.16886296833909,1.03772817996688,15.5873106702322,0.759911773045885,1,0.741297429257654,39,0.039905418445587
"550",70,5,20.7521582227295,9.17306684724764,6.30738819023101,62.3050766989924,310.014072794723,19.662203417038,1898.5495509838,0.923599996025963,47.7082322490684,0.279587461636402,0.169757388089783,-1.69583851338865,0.83508788956029,19.5460987459021,0.844999524392494,1,0.659053304575663,42,0.0449235994912128
"551",71,5,14.8774684276859,9.56865230659071,6.31248013813909,76.7321732326375,213.416484686421,73.7219048254095,1143.08896632638,0.393806518649884,47.1281382787786,0.333654814283364,0.115544165857136,-0.866189126148992,1.22319708525275,13.2305618498482,0.655363763725364,1,0.608814408274377,687,0.259391584969462
"552",72,5,18.6495413211894,12.1259570401423,6.07622311142346,74.0820012569648,279.986959086832,69.4524979367754,1662.0855189322,0.557369281354213,44.8664973096967,0.281240902421996,0.285597960255109,-0.910272150907737,1.07133746709776,16.8131604184315,0.791684689433755,1,0.624350218259199,440,0.150171385756313
"553",73,5,17.6864193660955,11.2406930531605,8.02209930671309,75.1627049858326,301.522095824839,69.0553180605927,1545.62194425568,0.502782839152079,48.6529456080013,0.494873670814559,0.244532939884812,0.0854964884668659,4.67975688504331,16.5549740407168,0.774848808019168,1,0.844390333697679,279,0.154276405227708
"554",74,5,19.7555677214687,11.346133303758,10.4298979308437,82.1423220955023,393.35152491708,49.7588319821927,1743.42375584435,0.411420889025671,54.5084343481377,0.729467520886101,0.171398239466362,0.688031704209391,5.75964760172229,14.3608205595277,0.849869944026651,1,0.889061294913819,462,0.219722388713577
"555",75,5,19.5003331503613,15.2674191258967,6.22224296852343,86.5846731803572,373.751735758369,41.273555699027,1710.15937456524,0.304215249751287,51.6331387627359,0.275625392026268,0.422787359822541,-0.5397418134505,1.17641312573435,15.9321109112484,0.84028965568887,1,0.66786036427993,11,0.0660438608259478
"556",76,5,18.6021068076857,10.3322287973459,8.43620252289321,72.9837530235597,332.234303782274,25.1963680078028,1643.12921627672,0.579265441189529,53.8484295891322,0.83271859572269,0.51928233881481,1.59825924518785,7.13425120154632,22.2264771793989,0.807152672823248,1,0.946193463915629,113,0.0741392123273146
"557",77,5,20.9856222344586,13.8103510750685,6.68776600078592,70.2202297666594,307.040095266224,41.3838684166501,1885.69219719191,0.74021296113666,42.9936386842995,0.588283999660052,0.470693626231514,-0.166268649449167,2.42999862684535,19.1428336052434,0.849708295592555,1,0.726303954334777,434,0.194894326291788
"558",78,5,14.9490123996606,10.5074368026262,5.82296830543867,73.0180732820039,290.719620683877,36.3856686813185,1199.1393518247,0.458777167656923,50.0327007680023,0.853415413573384,0.251257887366228,1.01112433223731,4.78816437528426,16.9597947212043,0.691136948766809,1,0.856364845514893,224,0.0846126467322214
"559",79,5,19.821435116972,7.08195606549141,10.1822617962154,81.1949275212132,356.123138822612,29.5169065039213,1797.6079166673,0.435020839463818,57.5241611740592,0.253109717648476,0.150635707913898,-1.56905673798984,0.712182402012761,18.1262252945271,0.841317092367669,1,0.699662413204167,28,0.044346862012124
"560",80,5,14.8409359442849,5.54550351743929,6.8615453566844,74.0513023506393,236.353987188584,54.624498902444,1172.86316394664,0.438147208456156,42.0177339440503,0.574680552096106,0.374987716926262,-0.386711876871359,2.84572194275351,19.0869020410731,0.664033796776616,1,0.744329385082159,121,0.0513155276711396
"561",81,5,19.1754325142372,11.2993671023355,11.2416202611812,71.6593498311928,298.750179733313,42.910587463663,1696.74934381635,0.629810292103891,60.3921576170224,0.887951010512188,0.567323190765455,1.4820819123015,7.80970925632733,19.749189296929,0.80978639491178,1,0.958597776110243,98,0.048236871536022
"562",82,5,18.1792845920014,8.00150027046289,6.62602310883252,74.5805891739381,393.862974676548,56.6933335350154,1560.95436455648,0.53077121006413,44.5313218085838,0.820359122822993,0.51920909692999,1.46402951221969,8.11115838411424,20.0011007286235,0.816586216879989,1,0.940996475013503,448,0.199528931942877
"563",83,5,19.9345233138997,10.0839447673526,9.31399340713726,85.8316016226698,271.195650319099,38.3726334372274,1782.82893356287,0.330064613254786,57.5417332893206,0.221135594393127,0.171324246935546,-0.128565549143605,2.59222178013049,14.4883127600721,0.820445280618347,1,0.773526882201305,81,0.0519292428341747
"564",84,5,18.1576247058296,13.5540874000801,10.2213844304694,67.6347885815445,228.3996691007,80.910314262772,1561.80987821763,0.67488479076372,64.4053900161514,0.813974300213158,0.472822386678308,1.97460973984029,8.6606164079775,16.9760811487202,0.760140081209767,1,0.967046550223416,1143,0.517755871103564
"565",85,5,14.8626003270278,10.6943653546744,12.2814414601327,72.5138290080244,320.054789241143,88.7809456028327,1259.5424261545,0.464756186569481,71.8057611216908,0.51599869846832,0.235445867548697,-1.10196803913014,0.929118380697699,12.0060275359315,0.70075787089728,1,0.737537694536309,24,0.0799909190687133
"566",86,5,13.9843536319678,9.42580510770042,6.33805638173521,66.5535762545443,337.709474270272,72.4970960463544,1096.16851488016,0.534308406399364,51.4491958135857,0.283321179728955,0.157803801842965,-1.08998424917076,1.29054359100885,14.0368488507009,0.679548933103143,1,0.65305189769757,207,0.129868719208266
"567",87,5,19.0819470484775,6.15084669578178,8.15281171239627,92.9099540463976,422.392253952276,48.4971108831705,1723.66048208226,0.156645750199557,50.5905625004605,0.884966851933859,0.385152232623659,0.558419201636689,3.70602980689056,19.8942060568015,0.845640591928419,1,0.835378514269274,451,0.214409149803344
"568",88,5,17.8532468037832,8.39870178132017,9.87164889239811,71.215502879734,265.550237588918,59.7077872199531,1528.28206949256,0.588841711572453,62.03634358165,0.30513134310022,0.101661250367761,-1.24597531101013,0.86723473385883,16.5915669306032,0.765941341400339,1,0.721283891298342,504,0.180357700401158
"569",89,5,16.8579632128838,8.84876405854675,6.99666659427038,82.2484326838469,288.403171382114,28.9311535277573,1416.73273048104,0.341004937400515,45.5917425050218,0.296847479371354,0.431018166732974,-1.38684973266422,0.711717450320898,17.7750960115132,0.74873192789356,1,0.615389037050078,399,0.091145318631843
"570",90,5,17.3778630802927,11.3684114653407,9.18970692770236,75.3033354527531,394.400513330139,29.9882352834708,1567.71377051615,0.490295334362809,61.1179040500854,0.794582132576033,0.29475276931189,-0.359054499582773,1.49965770960381,14.916010432382,0.798326671752034,1,0.736767549216296,627,0.301726841739676
"571",91,5,16.6571698657973,10.9669146952343,7.13869766172726,73.5971017358099,303.925890848677,43.2990598242098,1373.95166244941,0.500770523328273,50.5960747204771,0.338581898529083,0.345853656320833,-0.620470904648883,1.73424881812077,15.7823490572943,0.747702540710347,1,0.695778295075633,695,0.29510581201209
"572",92,5,17.685319095838,10.0279268174148,5.73332189465442,72.1071277977701,338.254180963218,75.3592979092656,1502.9572876424,0.564597912582417,45.1676922486514,0.583030147710815,0.483999777259305,1.05162573627844,6.66056139883192,17.9843580988048,0.786964162834895,1,0.904858824667831,80,0.0496192032644043
"573",93,5,16.1373898580003,10.3604874692502,3.52565688046074,68.5710276633207,348.21820734086,46.6495228145555,1332.23842352802,0.576691867542546,43.6406624843154,0.213894402049482,0.238368011219427,-2.05300568878758,0.588384126995462,13.6957254516645,0.749129917711892,1,0.542527346979208,375,0.135302547945356
"574",94,5,14.0339810410597,9.423753503383,9.02927914488629,85.7326108086031,397.17153046091,63.8515776620587,1117.20870945503,0.228657463706975,58.862517301131,0.409890010533854,0.323212295095436,0.0164563334005378,3.59067049895787,20.1977963669931,0.708950823309263,1,0.864475026473262,31,0.0466232844524671
"575",95,5,17.5608003915012,10.0604544457805,7.31618576967416,80.0074452350263,375.018635601796,49.2571145923482,1417.26530377495,0.401517094319771,42.3309637391188,0.245025338814594,0.1201013967162,-0.956910065068527,1.10480505685915,12.4350895848516,0.79707246405539,1,0.555550952380339,20,0.0673500410180373
"576",96,5,20.0905517389248,10.543348217059,11.4357548576386,75.2490456639535,317.541640122205,44.796636735737,1872.474023483,0.582189573807471,54.3757684490574,0.374567246926017,0.370452340366319,-0.12914164095618,1.36458845876572,18.4995188116598,0.8355355498704,1,0.724246715359317,198,0.057019552452843
"577",97,5,21.7546591325993,10.8983168548269,5.76724418268408,66.2406932042446,242.650231597087,52.9887787941887,1977.74521434318,0.879600154395287,57.6262526216782,0.303632768592797,0.172608702350408,-0.686829656247313,1.8561882962958,14.6452078172189,0.847265803072015,1,0.734564212427816,89,0.0860207628366089
"578",98,5,18.0052123919143,13.6552553168608,7.02304076167431,71.1086874755308,315.242157803233,48.0150832242218,1523.82858157542,0.596704353659993,52.0004265331671,0.224010098725557,0.399982841592282,-0.855155358383562,1.43490483656656,16.7226046882923,0.787077421433858,1,0.695638604211422,519,0.174958402403009
"579",99,5,17.8386601305817,7.77595257823237,9.61466458681552,82.6247494661128,364.393688139149,71.813475840484,1530.37089885553,0.355117600061632,65.6047216896845,0.239441658044234,0.402168781985529,0.23179808514363,3.01420220162391,20.3588948442942,0.800653171091688,1,0.868795096302772,30,0.0620616105206102
"580",100,5,19.9259645624797,12.9496148631674,7.47798251665843,67.0438932152575,396.605613817021,30.1904123997461,1810.87172484344,0.767333022240068,59.553306726663,0.428156295139343,0.276315786782652,-0.075207828594725,3.46070766538968,17.871335081901,0.852130882426273,1,0.847919827459101,593,0.19079991132887
"581",101,5,18.107142033093,11.3430249202888,8.97611983565316,70.4250374198557,359.907969026357,51.6381074521632,1547.31369088836,0.614749661918889,56.5862829825125,0.652638857183047,0.419010610342957,0.618938608997915,2.94651233605854,18.3486215958071,0.803970474418913,1,0.817421293135429,39,0.0638223109969069
"582",102,5,17.1302031821799,6.90934291257113,10.705567641939,81.2653854525623,228.638578724304,49.617916731185,1399.34489096368,0.36615223874058,55.6060252563908,0.449830951169133,0.249998136213981,-1.05714151850914,1.25540049722307,22.6265530486328,0.733442953995334,1,0.764250994553574,424,0.0989864186907144
"583",103,5,14.5254054893154,9.44590554401779,12.3536311826185,78.0509313687126,327.573386701122,47.9726361360448,1128.35295947438,0.3631416732386,59.9306084343933,0.850693659693934,0.398631754238158,1.16139985632892,7.85671535439819,18.2133683122554,0.69411574128307,1,0.955451319301007,111,0.0480891520601607
"584",104,5,15.4726088004351,8.74131401605604,8.10277422241368,70.1995346083427,252.117072919948,40.3921202880315,1266.5603581335,0.524043468530846,42.2641146369616,0.362737606838346,0.226079619978555,-0.260403046617961,3.35582348763571,15.7861060428977,0.690864437498719,1,0.7434495900763,99,0.0906158200704874
"585",105,5,18.8126170241385,8.1339990967605,6.32380910952917,88.220920960753,291.354485875024,60.7622383361231,1683.46890445081,0.255906078834275,56.8378222162523,0.337468366557732,0.336009773332626,-0.351670770689929,4.2853924128279,16.1281221308502,0.801288221243146,1,0.857802688663543,168,0.0364987876298431
"586",106,5,15.0806920644405,6.92422703154348,5.83076998138316,65.4738645188673,254.091632331813,27.8463528046891,1243.87454923833,0.592049694186778,47.124578500897,0.446032711328007,0.362824188335799,-0.772898220427453,2.18483853562071,17.1453279019425,0.678438514992754,1,0.716355591878656,175,0.0938363858641519
"587",107,5,20.0969147403094,9.01179590080011,6.90693446185332,86.3254196152202,422.446541985298,61.3115719724478,1798.61111094035,0.321778795682545,55.0841325058005,0.290788604668342,0.347437285725027,-1.39848538059618,0.897016494982678,18.379905984794,0.863722600588001,1,0.69859666827243,94,0.0621558846024262
"588",108,5,15.3071389210996,9.12927996945961,7.14698059059059,81.5133825375399,308.953822424006,17.1528623768895,1280.74594443744,0.321654342456434,50.4164222219877,0.5921637597261,0.529655771120451,0.983757223406472,7.10818322460544,15.7702371517632,0.711178028885819,1,0.919343430279847,99,0.0443055288130595
"589",109,5,17.612858883773,9.35291064743955,5.57800488920043,58.2194316131484,431.685573242012,73.2964977156808,1549.47729738173,0.841852990497075,53.0399743893777,0.815189871448092,0.370393033162691,0.226466959930555,5.53248171853836,21.2398066986953,0.813304382882131,1,0.90994258413451,179,0.0673074083032127
"590",110,5,17.9953280857726,5.87777276216763,9.19558599555805,77.5613206599014,215.477176024134,60.5309299846265,1545.57077050934,0.463147492695046,59.0782151899001,0.388190566003323,0.492939952667803,0.751915496775417,4.2358241750483,15.2826550695648,0.752451061318441,1,0.859026332858723,509,0.198674075834402
"591",111,5,17.9743405322656,10.8830051101911,10.8477915781679,81.4082009633924,272.992554722296,50.7728571880286,1584.30629657413,0.383239502491111,64.0895125669312,0.249504035501741,0.599379966990091,-0.244859870416396,2.05501253710117,10.1539515336171,0.773259167513224,1,0.740176614983067,562,0.20320564525029
"592",112,5,18.3038946439688,11.4927024931327,7.11340274888331,68.6665547676578,367.71623253865,13.5803943506176,1628.16437551623,0.659396008626071,49.9762530996419,0.81943012024276,0.281457192869857,0.700877996727321,3.24135717468401,19.1835231540322,0.810711633570183,1,0.807036976288187,73,0.0661640048694975
"593",113,5,19.1970222628022,11.5792857476494,5.91933306865142,74.9146698941283,288.063799400539,48.7089390131972,1662.19604325303,0.558218047733758,47.3180782888733,0.645462017087266,0.351110314391553,-1.12746244077844,0.764507748762992,16.7414149780306,0.807423092602432,1,0.619155529419153,26,0.0573528058133742
"594",114,5,17.7475751254034,11.5414810140791,5.4522058431855,62.0118564804442,439.148260564334,38.9246383136162,1575.38166518828,0.771965522729073,50.9860215929475,0.323832599935122,0.449874544888735,0.372279696562651,2.88141633366862,17.7178566856576,0.818995125323227,1,0.782432478324122,39,0.0993985039684723
"595",115,5,17.5029288683064,10.4010126356607,9.54030322402359,67.7394635848976,280.891975069736,67.5158603952889,1498.01088567507,0.645537127202148,45.1185457088072,0.745969118294306,0.176437864569016,-0.215760294558796,1.48795718508114,23.0636057092009,0.761587335036835,1,0.721742967761481,183,0.0694413193254796
"596",116,5,18.3206547898092,12.9367000633555,8.06304524395306,76.0941337793811,190.582275891703,25.5102557562064,1613.54896391005,0.503615629065742,49.9116102266218,0.42204345499631,0.225885351444595,-0.328377438691728,2.21493769844415,14.2070416925419,0.751964669874093,1,0.705199461712963,9,0.0572258950022749
"597",117,5,17.1327161168055,8.2470890321185,4.19029049712347,77.1695036522558,314.478350184516,25.8030626638855,1453.30954014801,0.446273783549861,37.0506925263511,0.885989033291116,0.527422294975258,0.271183705808663,5.23648406951514,14.001085621883,0.765129924901895,1,0.799395462904642,475,0.162196810686707
"598",118,5,21.0748248382005,7.54679061255778,7.75248964570886,74.4107102783598,296.15599298008,46.6301097231778,1908.25037900722,0.639547215958769,51.291405388403,0.539531704364344,0.412966492958367,0.452804616852698,2.76662177768538,13.0964791447828,0.849150504627504,1,0.73566403512636,151,0.0498274940288388
"599",119,5,13.6595068467678,10.6756758399492,8.00065675442688,68.8045573725757,311.700361845748,49.1724777448109,1084.9335094854,0.487938712772731,48.9755270479128,0.676037872442976,0.563929662131704,1.24725282452426,3.87887005769765,10.1923678288977,0.657643230454562,1,0.758146637960376,115,0.0734062809056995
"600",120,5,20.0540092385829,10.8816481745083,6.31244331054229,79.7505290842095,270.454100045729,40.5895106461372,1845.90310909793,0.4752304894892,52.3480198072069,0.441346138808876,0.143490946874954,-2.0540896759936,0.589241397636618,11.3353901245824,0.822006367807709,1,0.57785705018107,228,0.0565004558334902
